,date,team,score,possession_%,shots_on_target,shots,touches,passes,tackles,clearances,corners,offsides,yellow_cards,red_cards,fouls_conceded
0,08/09/2019,Liverpool,4,57.9,7.0,15.0,662.0,477.0,21.0,5.0,11.0,0.0,0.0,0.0,9.0
1,08/10/2019,AFC Bournemouth,1,52.9,3.0,13.0,671.0,485.0,18.0,13.0,3.0,1.0,2.0,0.0,10.0
2,08/10/2019,Burnley,3,46.5,4.0,10.0,549.0,332.0,21.0,13.0,2.0,5.0,0.0,0.0,6.0
3,08/10/2019,Crystal Palace,0,35.4,2.0,6.0,467.0,268.0,21.0,21.0,6.0,4.0,2.0,0.0,16.0
4,08/11/2019,Leicester City,0,70.0,1.0,16.0,871.0,665.0,20.0,12.0,12.0,0.0,0.0,0.0,3.0
5,08/10/2019,Tottenham Hotspur,3,70.1,7.0,31.0,792.0,587.0,17.0,6.0,14.0,1.0,1.0,0.0,13.0
6,08/10/2019,Watford,0,48.2,3.0,11.0,602.0,414.0,12.0,10.0,5.0,0.0,0.0,0.0,15.0
7,08/10/2019,West Ham United,0,42.9,3.0,5.0,571.0,403.0,18.0,9.0,1.0,2.0,2.0,0.0,6.0
8,08/11/2019,Manchester United,4,46.2,5.0,11.0,649.0,449.0,16.0,19.0,3.0,2.0,3.0,0.0,15.0
9,08/11/2019,Newcastle United,0,38.1,2.0,9.0,577.0,378.0,26.0,17.0,5.0,1.0,1.0,0.0,12.0
10,08/17/2019,Arsenal,2,67.5,9.0,15.0,731.0,529.0,12.0,28.0,10.0,5.0,2.0,0.0,13.0
11,08/17/2019,Aston Villa,1,62.6,7.0,21.0,689.0,490.0,7.0,15.0,10.0,5.0,0.0,0.0,10.0
12,08/17/2019,Brighton and Hove Albion,1,57.3,4.0,16.0,717.0,497.0,20.0,16.0,8.0,2.0,0.0,0.0,11.0
13,08/18/2019,Chelsea,1,50.2,5.0,14.0,692.0,454.0,25.0,23.0,4.0,3.0,1.0,0.0,9.0
14,08/17/2019,Everton,1,44.1,2.0,12.0,536.0,303.0,20.0,35.0,4.0,3.0,2.0,0.0,11.0
15,08/17/2019,Manchester City,2,55.4,10.0,30.0,806.0,610.0,15.0,10.0,13.0,3.0,1.0,0.0,14.0
16,08/17/2019,Norwich City,3,63.3,8.0,15.0,780.0,603.0,14.0,23.0,7.0,2.0,1.0,0.0,9.0
17,08/18/2019,Sheffield United,1,0.0,0.0,0.0,0.0,0.0,0.0,0.0,0.0,0.0,0.0,0.0,0.0
18,08/17/2019,Southampton,1,36.2,3.0,14.0,497.0,296.0,15.0,27.0,5.0,4.0,2.0,0.0,10.0
19,08/19/2019,Wolverhampton Wanderers,1,34.4,2.0,6.0,520.0,350.0,17.0,14.0,4.0,1.0,2.0,0.0,17.0
20,08/23/2019,Aston Villa,2,35.2,3.0,7.0,503.0,301.0,12.0,25.0,0.0,8.0,2.0,0.0,10.0
21,08/25/2019,AFC Bournemouth,1,26.2,7.0,10.0,419.0,249.0,8.0,22.0,4.0,2.0,1.0,0.0,7.0
22,08/24/2019,Brighton and Hove Albion,0,50.7,3.0,12.0,596.0,394.0,16.0,10.0,8.0,1.0,1.0,1.0,9.0
23,08/24/2019,Liverpool,3,52.0,5.0,25.0,747.0,553.0,25.0,11.0,6.0,1.0,1.0,0.0,8.0
24,08/24/2019,Manchester United,1,71.3,3.0,22.0,748.0,562.0,9.0,6.0,8.0,0.0,2.0,0.0,8.0
25,08/24/2019,Norwich City,2,46.6,5.0,6.0,682.0,481.0,16.0,29.0,1.0,0.0,1.0,0.0,9.0
26,08/24/2019,Sheffield United,1,49.1,2.0,7.0,616.0,421.0,16.0,15.0,7.0,1.0,1.0,0.0,11.0
27,08/25/2019,Tottenham Hotspur,0,80.2,2.0,17.0,942.0,763.0,10.0,5.0,6.0,1.0,2.0,0.0,10.0
28,08/24/2019,Watford,1,54.9,3.0,23.0,667.0,465.0,17.0,12.0,8.0,1.0,1.0,0.0,12.0
29,08/25/2019,Wolverhampton Wanderers,1,65.1,2.0,17.0,772.0,586.0,9.0,29.0,4.0,1.0,0.0,0.0,9.0
30,09/01/2019,Arsenal,2,54.8,8.0,26.0,673.0,453.0,23.0,11.0,11.0,3.0,3.0,0.0,13.0
31,08/31/2019,Burnley,0,36.2,2.0,7.0,495.0,318.0,14.0,21.0,6.0,5.0,0.0,0.0,10.0
32,08/31/2019,Chelsea,2,62.3,5.0,13.0,898.0,719.0,16.0,15.0,3.0,2.0,0.0,0.0,6.0
33,08/31/2019,Crystal Palace,1,52.8,5.0,22.0,614.0,407.0,18.0,21.0,13.0,2.0,2.0,0.0,15.0
34,09/01/2019,Everton,3,58.7,6.0,15.0,687.0,451.0,24.0,37.0,7.0,1.0,1.0,0.0,12.0
35,08/31/2019,Leicester City,3,55.0,6.0,15.0,751.0,541.0,22.0,25.0,4.0,2.0,1.0,0.0,9.0
36,08/31/2019,Manchester City,4,53.5,6.0,15.0,755.0,598.0,15.0,19.0,8.0,1.0,1.0,0.0,10.0
37,08/31/2019,Newcastle United,1,48.8,5.0,13.0,651.0,468.0,11.0,14.0,6.0,6.0,2.0,0.0,5.0
38,08/31/2019,Southampton,1,41.4,2.0,10.0,598.0,375.0,25.0,25.0,2.0,0.0,1.0,1.0,17.0
39,08/31/2019,West Ham United,2,48.6,8.0,18.0,662.0,474.0,29.0,9.0,8.0,2.0,2.0,0.0,16.0
40,09/16/2019,Aston Villa,0,46.6,5.0,10.0,604.0,408.0,19.0,14.0,2.0,3.0,2.0,0.0,13.0
41,09/15/2019,AFC Bournemouth,3,40.5,6.0,13.0,547.0,336.0,18.0,37.0,7.0,4.0,0.0,0.0,5.0
42,09/14/2019,Brighton and Hove Albion,1,62.5,5.0,14.0,693.0,491.0,21.0,20.0,3.0,2.0,0.0,0.0,13.0
43,09/14/2019,Liverpool,3,75.3,9.0,21.0,1023.0,847.0,13.0,8.0,10.0,2.0,0.0,0.0,5.0
44,09/14/2019,Manchester United,1,41.7,5.0,10.0,566.0,345.0,19.0,30.0,3.0,0.0,1.0,0.0,14.0
45,09/14/2019,Norwich City,3,31.4,3.0,7.0,524.0,318.0,16.0,50.0,3.0,1.0,3.0,0.0,8.0
46,09/14/2019,Sheffield United,0,48.2,4.0,17.0,647.0,414.0,21.0,24.0,12.0,3.0,1.0,1.0,10.0
47,09/14/2019,Tottenham Hotspur,4,64.1,5.0,13.0,830.0,640.0,11.0,13.0,4.0,1.0,4.0,0.0,19.0
48,09/15/2019,Watford,2,52.4,10.0,31.0,679.0,499.0,17.0,15.0,7.0,1.0,3.0,0.0,14.0
49,09/14/2019,Wolverhampton Wanderers,2,45.3,4.0,11.0,648.0,449.0,17.0,12.0,7.0,1.0,1.0,0.0,8.0
50,09/22/2019,Arsenal,3,58.1,6.0,21.0,662.0,465.0,12.0,20.0,9.0,2.0,5.0,1.0,13.0
51,09/21/2019,Burnley,2,41.4,6.0,13.0,550.0,357.0,14.0,15.0,7.0,2.0,0.0,0.0,11.0
52,09/22/2019,Chelsea,1,55.0,2.0,13.0,713.0,492.0,15.0,10.0,6.0,7.0,3.0,0.0,8.0
53,09/22/2019,Crystal Palace,1,49.9,4.0,13.0,692.0,456.0,24.0,18.0,6.0,1.0,2.0,0.0,7.0
54,09/21/2019,Everton,0,69.8,3.0,16.0,741.0,520.0,10.0,11.0,12.0,1.0,1.0,0.0,9.0
55,09/21/2019,Leicester City,2,44.2,7.0,16.0,599.0,380.0,23.0,24.0,8.0,3.0,1.0,0.0,16.0
56,09/21/2019,Manchester City,8,68.7,11.0,28.0,909.0,727.0,18.0,5.0,5.0,2.0,2.0,0.0,5.0
57,09/21/2019,Newcastle United,0,28.7,4.0,11.0,467.0,280.0,18.0,22.0,5.0,0.0,2.0,0.0,12.0
58,09/20/2019,Southampton,1,64.8,6.0,25.0,783.0,554.0,30.0,13.0,4.0,1.0,1.0,0.0,8.0
59,09/22/2019,West Ham United,2,46.5,6.0,8.0,604.0,424.0,16.0,18.0,3.0,2.0,2.0,0.0,8.0
60,09/28/2019,Aston Villa,2,60.2,3.0,16.0,610.0,416.0,14.0,13.0,7.0,2.0,1.0,0.0,10.0
61,09/28/2019,AFC Bournemouth,2,49.1,5.0,13.0,672.0,456.0,8.0,21.0,6.0,2.0,3.0,0.0,7.0
62,09/28/2019,Chelsea,2,52.6,10.0,24.0,760.0,568.0,18.0,15.0,5.0,1.0,2.0,0.0,5.0
63,09/28/2019,Crystal Palace,2,44.6,3.0,15.0,620.0,415.0,18.0,13.0,5.0,2.0,3.0,0.0,14.0
64,09/28/2019,Everton,1,37.2,8.0,12.0,540.0,358.0,19.0,8.0,5.0,2.0,2.0,0.0,4.0
65,09/29/2019,Leicester City,5,68.9,5.0,13.0,918.0,724.0,24.0,8.0,9.0,0.0,1.0,0.0,12.0
66,09/30/2019,Manchester United,1,54.8,4.0,16.0,631.0,440.0,15.0,7.0,8.0,2.0,4.0,0.0,18.0
67,09/28/2019,Sheffield United,0,29.6,2.0,12.0,479.0,291.0,11.0,29.0,6.0,0.0,1.0,0.0,8.0
68,09/28/2019,Tottenham Hotspur,2,41.4,4.0,9.0,579.0,369.0,23.0,28.0,6.0,1.0,0.0,1.0,5.0
69,09/28/2019,Wolverhampton Wanderers,2,39.1,2.0,6.0,575.0,404.0,21.0,27.0,1.0,2.0,0.0,0.0,5.0
70,10/06/2019,Arsenal,1,52.5,2.0,12.0,653.0,443.0,23.0,17.0,14.0,0.0,1.0,0.0,12.0
71,10/05/2019,Brighton and Hove Albion,3,47.7,6.0,17.0,713.0,494.0,22.0,19.0,4.0,1.0,2.0,0.0,11.0
72,10/05/2019,Burnley,1,40.8,3.0,9.0,514.0,327.0,15.0,22.0,7.0,5.0,2.0,0.0,5.0
73,10/05/2019,Liverpool,2,50.7,8.0,18.0,733.0,494.0,19.0,25.0,4.0,3.0,1.0,0.0,9.0
74,10/06/2019,Manchester City,0,76.0,2.0,18.0,917.0,714.0,14.0,5.0,9.0,1.0,5.0,0.0,11.0
75,10/06/2019,Newcastle United,1,31.9,2.0,12.0,450.0,281.0,12.0,17.0,4.0,1.0,3.0,0.0,12.0
76,10/05/2019,Norwich City,1,57.6,5.0,21.0,698.0,472.0,20.0,20.0,10.0,0.0,1.0,0.0,14.0
77,10/06/2019,Southampton,1,43.3,3.0,10.0,585.0,400.0,23.0,12.0,3.0,1.0,0.0,0.0,8.0
78,10/05/2019,Watford,0,39.5,2.0,8.0,542.0,360.0,17.0,34.0,7.0,2.0,0.0,0.0,7.0
79,10/05/2019,West Ham United,1,51.7,4.0,9.0,678.0,519.0,19.0,14.0,2.0,2.0,3.0,0.0,11.0
80,10/19/2019,Aston Villa,2,48.9,8.0,24.0,651.0,441.0,6.0,16.0,7.0,1.0,1.0,0.0,9.0
81,10/19/2019,AFC Bournemouth,0,47.7,2.0,11.0,618.0,407.0,16.0,23.0,6.0,2.0,1.0,0.0,8.0
82,10/19/2019,Chelsea,1,71.1,8.0,16.0,851.0,634.0,23.0,16.0,11.0,1.0,2.0,0.0,9.0
83,10/19/2019,Crystal Palace,0,28.7,2.0,7.0,469.0,276.0,13.0,26.0,1.0,3.0,1.0,0.0,8.0
84,10/19/2019,Everton,2,51.3,10.0,19.0,596.0,390.0,24.0,9.0,11.0,9.0,2.0,0.0,15.0
85,10/19/2019,Leicester City,2,64.5,3.0,19.0,770.0,556.0,22.0,20.0,9.0,2.0,0.0,0.0,4.0
86,10/20/2019,Manchester United,1,32.0,2.0,7.0,509.0,299.0,10.0,29.0,3.0,4.0,0.0,0.0,6.0
87,10/21/2019,Sheffield United,1,31.4,2.0,8.0,492.0,287.0,21.0,25.0,7.0,1.0,4.0,0.0,10.0
88,10/19/2019,Tottenham Hotspur,1,69.4,2.0,12.0,908.0,686.0,11.0,6.0,11.0,5.0,4.0,0.0,5.0
89,10/19/2019,Wolverhampton Wanderers,1,57.0,1.0,4.0,688.0,511.0,11.0,10.0,1.0,1.0,3.0,0.0,10.0
90,10/27/2019,Arsenal,2,56.2,6.0,15.0,639.0,444.0,21.0,18.0,12.0,1.0,2.0,0.0,18.0
91,10/26/2019,Brighton and Hove Albion,3,55.5,4.0,8.0,720.0,533.0,18.0,8.0,0.0,3.0,2.0,0.0,12.0
92,10/26/2019,Burnley,2,36.7,5.0,13.0,577.0,390.0,16.0,16.0,5.0,1.0,3.0,0.0,7.0
93,10/27/2019,Liverpool,2,68.0,13.0,21.0,836.0,631.0,20.0,8.0,8.0,0.0,3.0,0.0,9.0
94,10/26/2019,Manchester City,3,63.1,10.0,26.0,794.0,597.0,13.0,18.0,13.0,1.0,1.0,1.0,10.0
95,10/27/2019,Newcastle United,1,43.1,2.0,13.0,595.0,405.0,13.0,28.0,3.0,1.0,2.0,1.0,8.0
96,10/27/2019,Norwich City,1,46.1,3.0,10.0,619.0,417.0,26.0,16.0,1.0,1.0,2.0,0.0,13.0
97,10/25/2019,Southampton,0,27.4,3.0,6.0,483.0,272.0,20.0,18.0,2.0,1.0,0.0,1.0,3.0
98,10/26/2019,Watford,0,40.2,3.0,7.0,545.0,337.0,20.0,23.0,5.0,5.0,5.0,0.0,14.0
99,10/26/2019,West Ham United,1,60.8,4.0,12.0,724.0,545.0,12.0,8.0,10.0,4.0,2.0,0.0,7.0
100,11/02/2019,Arsenal,1,57.5,4.0,10.0,766.0,539.0,16.0,20.0,8.0,2.0,0.0,0.0,6.0
101,11/02/2019,Aston Villa,1,26.3,2.0,4.0,447.0,226.0,20.0,47.0,2.0,3.0,1.0,0.0,12.0
102,11/02/2019,AFC Bournemouth,1,42.6,6.0,13.0,581.0,366.0,13.0,33.0,4.0,1.0,4.0,0.0,14.0
103,11/02/2019,Brighton and Hove Albion,2,58.5,5.0,21.0,733.0,538.0,19.0,5.0,8.0,3.0,0.0,0.0,11.0
104,11/03/2019,Crystal Palace,0,44.2,3.0,12.0,548.0,334.0,19.0,12.0,5.0,2.0,2.0,0.0,15.0
105,11/03/2019,Everton,1,47.3,3.0,7.0,567.0,375.0,26.0,8.0,5.0,1.0,1.0,0.0,9.0
106,11/02/2019,Manchester City,2,75.3,4.0,26.0,885.0,639.0,9.0,5.0,17.0,3.0,3.0,0.0,11.0
107,11/02/2019,Sheffield United,3,45.6,6.0,13.0,563.0,384.0,17.0,23.0,7.0,1.0,1.0,0.0,8.0
108,11/02/2019,Watford,1,32.8,3.0,12.0,555.0,373.0,16.0,20.0,1.0,0.0,4.0,0.0,8.0
109,11/02/2019,West Ham United,2,69.5,6.0,16.0,788.0,583.0,13.0,12.0,7.0,1.0,2.0,0.0,10.0
110,11/09/2019,Burnley,3,40.0,12.0,14.0,496.0,299.0,7.0,21.0,11.0,7.0,2.0,0.0,17.0
111,11/09/2019,Chelsea,2,60.6,5.0,23.0,774.0,572.0,19.0,9.0,7.0,0.0,3.0,0.0,9.0
112,11/09/2019,Leicester City,2,50.2,7.0,19.0,690.0,486.0,19.0,19.0,5.0,1.0,1.0,0.0,10.0
113,11/10/2019,Liverpool,3,45.0,5.0,12.0,609.0,416.0,13.0,27.0,4.0,3.0,0.0,0.0,10.0
114,11/10/2019,Manchester United,3,42.7,11.0,21.0,577.0,358.0,24.0,11.0,5.0,0.0,2.0,0.0,10.0
115,11/09/2019,Newcastle United,2,33.9,9.0,21.0,485.0,279.0,18.0,31.0,5.0,4.0,2.0,0.0,10.0
116,11/08/2019,Norwich City,0,65.8,5.0,17.0,832.0,597.0,18.0,9.0,10.0,1.0,1.0,0.0,7.0
117,11/09/2019,Southampton,1,47.3,3.0,4.0,547.0,345.0,12.0,24.0,5.0,2.0,1.0,0.0,12.0
118,11/09/2019,Tottenham Hotspur,1,61.1,5.0,17.0,806.0,602.0,19.0,19.0,4.0,1.0,2.0,0.0,6.0
119,11/10/2019,Wolverhampton Wanderers,2,50.1,5.0,17.0,594.0,385.0,14.0,28.0,6.0,0.0,4.0,0.0,17.0
120,11/23/2019,Arsenal,2,61.0,5.0,12.0,729.0,487.0,25.0,17.0,6.0,2.0,6.0,0.0,13.0
121,11/25/2019,Aston Villa,2,62.0,8.0,17.0,687.0,490.0,15.0,19.0,11.0,1.0,1.0,0.0,10.0
122,11/23/2019,AFC Bournemouth,1,46.6,2.0,9.0,608.0,443.0,9.0,18.0,5.0,0.0,2.0,1.0,10.0
123,11/23/2019,Brighton and Hove Albion,0,52.6,0.0,7.0,650.0,458.0,11.0,11.0,6.0,2.0,2.0,0.0,9.0
124,11/23/2019,Crystal Palace,1,40.0,6.0,16.0,544.0,330.0,14.0,31.0,9.0,3.0,0.0,0.0,8.0
125,11/23/2019,Everton,0,57.3,7.0,18.0,621.0,401.0,20.0,14.0,7.0,0.0,3.0,0.0,12.0
126,11/23/2019,Manchester City,2,46.7,4.0,15.0,728.0,558.0,15.0,12.0,8.0,3.0,1.0,0.0,5.0
127,11/24/2019,Sheffield United,3,40.6,8.0,12.0,580.0,383.0,13.0,21.0,6.0,3.0,1.0,0.0,13.0
128,11/23/2019,Watford,0,61.9,4.0,15.0,582.0,396.0,11.0,23.0,7.0,2.0,1.0,0.0,14.0
129,11/23/2019,West Ham United,2,47.1,4.0,11.0,612.0,407.0,18.0,13.0,3.0,4.0,3.0,0.0,12.0
130,11/30/2019,Burnley,0,43.5,4.0,15.0,553.0,347.0,20.0,16.0,5.0,1.0,2.0,0.0,13.0
131,11/30/2019,Chelsea,0,65.7,6.0,19.0,920.0,671.0,7.0,9.0,9.0,3.0,0.0,0.0,0.0
132,12/01/2019,Leicester City,2,69.3,6.0,16.0,853.0,652.0,19.0,9.0,4.0,1.0,0.0,0.0,7.0
133,11/30/2019,Liverpool,2,44.8,7.0,15.0,654.0,482.0,11.0,16.0,4.0,1.0,0.0,1.0,3.0
134,12/01/2019,Manchester United,2,62.3,6.0,16.0,714.0,525.0,6.0,15.0,9.0,1.0,4.0,0.0,16.0
135,11/30/2019,Newcastle United,2,23.6,3.0,6.0,453.0,238.0,18.0,40.0,1.0,3.0,1.0,0.0,4.0
136,12/01/2019,Norwich City,2,39.9,8.0,15.0,573.0,364.0,12.0,35.0,7.0,1.0,2.0,0.0,8.0
137,11/30/2019,Southampton,2,62.8,6.0,11.0,784.0,548.0,17.0,19.0,6.0,2.0,1.0,0.0,6.0
138,11/30/2019,Tottenham Hotspur,3,52.6,5.0,14.0,714.0,515.0,19.0,29.0,4.0,1.0,0.0,0.0,10.0
139,12/01/2019,Wolverhampton Wanderers,1,59.4,3.0,13.0,718.0,517.0,17.0,13.0,7.0,1.0,1.0,0.0,12.0
140,12/05/2019,Arsenal,1,49.2,5.0,12.0,606.0,389.0,19.0,13.0,9.0,7.0,3.0,0.0,10.0
141,12/03/2019,Burnley,1,24.5,2.0,4.0,422.0,250.0,14.0,24.0,3.0,0.0,1.0,0.0,9.0
142,12/04/2019,Leicester City,2,63.0,6.0,12.0,762.0,569.0,11.0,27.0,7.0,3.0,3.0,0.0,13.0
143,12/04/2019,Manchester United,2,46.6,7.0,12.0,638.0,441.0,20.0,15.0,4.0,1.0,0.0,0.0,9.0
144,12/05/2019,Sheffield United,0,73.3,6.0,13.0,881.0,675.0,18.0,13.0,8.0,3.0,2.0,0.0,10.0
145,12/04/2019,Wolverhampton Wanderers,2,49.4,7.0,13.0,680.0,479.0,12.0,17.0,5.0,3.0,1.0,0.0,8.0
146,12/04/2019,Chelsea,2,64.5,9.0,25.0,869.0,649.0,13.0,15.0,9.0,0.0,2.0,0.0,18.0
147,12/03/2019,Crystal Palace,1,30.8,2.0,7.0,465.0,258.0,16.0,30.0,6.0,1.0,3.0,1.0,6.0
148,12/04/2019,Liverpool,5,58.5,5.0,11.0,704.0,501.0,15.0,25.0,5.0,3.0,1.0,0.0,13.0
149,12/04/2019,Southampton,2,40.1,5.0,14.0,582.0,366.0,27.0,15.0,6.0,3.0,1.0,0.0,12.0
150,12/08/2019,Aston Villa,1,40.4,2.0,15.0,518.0,306.0,14.0,22.0,8.0,0.0,6.0,0.0,21.0
151,12/07/2019,AFC Bournemouth,0,26.2,0.0,3.0,467.0,305.0,12.0,35.0,1.0,5.0,0.0,0.0,5.0
152,12/08/2019,Brighton and Hove Albion,2,62.0,5.0,13.0,743.0,581.0,13.0,11.0,3.0,1.0,3.0,0.0,10.0
153,12/07/2019,Everton,3,30.0,7.0,13.0,470.0,255.0,36.0,25.0,1.0,2.0,3.0,0.0,14.0
154,12/07/2019,Manchester City,1,71.9,5.0,22.0,885.0,658.0,14.0,9.0,16.0,1.0,3.0,0.0,10.0
155,12/08/2019,Newcastle United,2,0.0,0.0,0.0,0.0,0.0,0.0,0.0,0.0,0.0,0.0,0.0,0.0
156,12/08/2019,Norwich City,1,58.2,4.0,14.0,786.0,579.0,17.0,15.0,9.0,1.0,0.0,0.0,6.0
157,12/07/2019,Tottenham Hotspur,5,49.0,7.0,13.0,661.0,476.0,19.0,23.0,1.0,1.0,1.0,0.0,12.0
158,12/07/2019,Watford,0,50.2,3.0,13.0,580.0,384.0,14.0,15.0,6.0,1.0,4.0,0.0,15.0
159,12/09/2019,West Ham United,1,35.8,4.0,11.0,541.0,365.0,27.0,10.0,4.0,1.0,2.0,0.0,12.0
160,12/15/2019,Arsenal,0,42.4,1.0,6.0,674.0,482.0,16.0,10.0,3.0,2.0,1.0,0.0,9.0
161,12/14/2019,Burnley,1,48.0,4.0,7.0,560.0,369.0,14.0,28.0,4.0,3.0,0.0,0.0,15.0
162,12/14/2019,Chelsea,0,67.0,5.0,18.0,813.0,590.0,15.0,26.0,9.0,3.0,1.0,0.0,9.0
163,12/16/2019,Crystal Palace,1,34.8,4.0,11.0,535.0,315.0,14.0,32.0,3.0,0.0,1.0,0.0,7.0
164,12/14/2019,Leicester City,1,56.8,5.0,18.0,746.0,513.0,21.0,15.0,12.0,0.0,0.0,0.0,11.0
165,12/14/2019,Liverpool,2,67.9,6.0,16.0,847.0,649.0,14.0,14.0,6.0,5.0,2.0,0.0,8.0
166,12/15/2019,Manchester United,1,66.5,8.0,24.0,759.0,529.0,14.0,18.0,6.0,2.0,1.0,0.0,10.0
167,12/14/2019,Sheffield United,2,56.7,3.0,7.0,697.0,512.0,12.0,16.0,3.0,3.0,2.0,0.0,10.0
168,12/14/2019,Southampton,0,57.0,2.0,11.0,701.0,474.0,15.0,24.0,5.0,4.0,1.0,0.0,9.0
169,12/15/2019,Wolverhampton Wanderers,1,57.8,5.0,19.0,699.0,494.0,18.0,9.0,11.0,0.0,4.0,0.0,14.0
170,12/21/2019,Aston Villa,1,56.5,6.0,19.0,667.0,432.0,9.0,21.0,7.0,2.0,2.0,0.0,16.0
171,12/21/2019,AFC Bournemouth,0,64.8,0.0,3.0,635.0,437.0,15.0,31.0,4.0,2.0,2.0,0.0,13.0
172,12/21/2019,Brighton and Hove Albion,0,69.0,2.0,9.0,832.0,648.0,9.0,6.0,4.0,2.0,1.0,0.0,6.0
173,12/21/2019,Everton,0,43.0,0.0,9.0,548.0,353.0,15.0,13.0,5.0,0.0,2.0,0.0,10.0
174,12/21/2019,Manchester City,3,62.7,12.0,23.0,859.0,690.0,19.0,3.0,6.0,1.0,2.0,0.0,14.0
175,12/21/2019,Newcastle United,1,42.5,3.0,8.0,552.0,365.0,25.0,16.0,4.0,2.0,2.0,0.0,12.0
176,12/21/2019,Norwich City,1,50.2,7.0,13.0,642.0,455.0,15.0,18.0,3.0,3.0,2.0,0.0,7.0
177,12/22/2019,Tottenham Hotspur,0,44.5,1.0,5.0,651.0,455.0,19.0,20.0,3.0,0.0,4.0,1.0,9.0
178,12/22/2019,Watford,2,36.1,3.0,11.0,511.0,313.0,19.0,15.0,3.0,5.0,3.0,0.0,16.0
179,01/29/2020,West Ham United,0,29.4,4.0,7.0,519.0,331.0,17.0,19.0,3.0,1.0,2.0,0.0,6.0
180,12/26/2019,Aston Villa,1,42.5,2.0,11.0,553.0,363.0,19.0,20.0,5.0,1.0,2.0,0.0,15.0
181,12/26/2019,AFC Bournemouth,1,39.5,4.0,12.0,580.0,383.0,16.0,24.0,8.0,1.0,4.0,0.0,5.0
182,12/26/2019,Chelsea,0,66.1,3.0,10.0,937.0,688.0,21.0,7.0,8.0,1.0,3.0,0.0,10.0
183,12/26/2019,Crystal Palace,2,58.2,4.0,13.0,787.0,557.0,16.0,16.0,7.0,1.0,0.0,0.0,5.0
184,12/26/2019,Everton,1,67.5,5.0,21.0,717.0,521.0,5.0,14.0,10.0,0.0,0.0,0.0,15.0
185,12/26/2019,Leicester City,0,41.2,0.0,3.0,618.0,421.0,16.0,36.0,2.0,6.0,1.0,0.0,5.0
186,12/26/2019,Manchester United,4,73.3,10.0,22.0,986.0,815.0,17.0,2.0,5.0,1.0,2.0,0.0,10.0
187,12/26/2019,Sheffield United,1,58.1,4.0,16.0,713.0,517.0,18.0,10.0,9.0,4.0,0.0,0.0,11.0
188,12/26/2019,Tottenham Hotspur,2,53.8,5.0,11.0,692.0,494.0,19.0,19.0,9.0,5.0,4.0,0.0,10.0
189,12/27/2019,Wolverhampton Wanderers,3,61.9,8.0,21.0,759.0,564.0,13.0,2.0,3.0,0.0,0.0,0.0,7.0
190,12/29/2019,Arsenal,1,42.1,2.0,7.0,615.0,427.0,16.0,20.0,2.0,2.0,5.0,0.0,13.0
191,12/28/2019,Brighton and Hove Albion,2,55.1,6.0,16.0,706.0,496.0,23.0,12.0,9.0,3.0,0.0,0.0,9.0
192,12/28/2019,Burnley,0,38.6,1.0,8.0,455.0,295.0,13.0,12.0,5.0,5.0,4.0,0.0,17.0
193,12/29/2019,Liverpool,1,62.9,3.0,10.0,808.0,607.0,19.0,15.0,5.0,2.0,1.0,0.0,7.0
194,12/29/2019,Manchester City,2,72.9,4.0,16.0,1021.0,871.0,10.0,12.0,8.0,1.0,1.0,0.0,5.0
195,12/28/2019,Newcastle United,1,42.7,5.0,20.0,535.0,317.0,14.0,25.0,5.0,3.0,2.0,0.0,13.0
196,12/28/2019,Norwich City,2,41.1,2.0,5.0,597.0,394.0,22.0,26.0,4.0,3.0,3.0,0.0,12.0
197,12/28/2019,Southampton,1,59.9,5.0,14.0,682.0,471.0,20.0,11.0,12.0,2.0,1.0,0.0,13.0
198,12/28/2019,Watford,3,48.8,6.0,20.0,600.0,417.0,14.0,23.0,6.0,1.0,3.0,1.0,16.0
199,12/28/2019,West Ham United,1,42.7,4.0,14.0,591.0,383.0,24.0,17.0,5.0,2.0,4.0,0.0,16.0
200,01/01/2020,Arsenal,2,48.8,4.0,10.0,715.0,513.0,19.0,18.0,1.0,0.0,2.0,0.0,11.0
201,01/01/2020,Brighton and Hove Albion,1,47.7,5.0,16.0,714.0,484.0,20.0,13.0,5.0,0.0,2.0,0.0,8.0
202,01/01/2020,Burnley,1,61.9,1.0,20.0,699.0,506.0,7.0,12.0,8.0,2.0,1.0,0.0,12.0
203,01/02/2020,Liverpool,2,74.8,7.0,19.0,1109.0,969.0,6.0,9.0,8.0,1.0,0.0,0.0,5.0
204,01/01/2020,Manchester City,2,65.4,7.0,16.0,943.0,777.0,10.0,13.0,3.0,3.0,0.0,0.0,11.0
205,01/01/2020,Newcastle United,0,23.4,2.0,5.0,431.0,244.0,15.0,20.0,4.0,0.0,1.0,0.0,8.0
206,01/01/2020,Norwich City,1,40.6,4.0,15.0,604.0,362.0,30.0,32.0,2.0,2.0,5.0,0.0,12.0
207,01/01/2020,Southampton,1,40.9,3.0,12.0,583.0,343.0,22.0,37.0,6.0,1.0,3.0,0.0,21.0
208,01/01/2020,Watford,2,36.4,3.0,9.0,519.0,343.0,13.0,34.0,4.0,1.0,3.0,1.0,12.0
209,01/01/2020,West Ham United,4,42.6,7.0,14.0,639.0,444.0,23.0,14.0,9.0,1.0,1.0,1.0,3.0
210,01/12/2020,Aston Villa,1,29.4,1.0,7.0,538.0,362.0,15.0,20.0,2.0,1.0,2.0,0.0,5.0
211,01/12/2020,AFC Bournemouth,0,56.7,1.0,10.0,742.0,536.0,8.0,15.0,5.0,0.0,1.0,0.0,3.0
212,01/11/2020,Chelsea,3,65.5,8.0,18.0,754.0,568.0,13.0,9.0,10.0,6.0,0.0,0.0,7.0
213,01/11/2020,Crystal Palace,1,42.7,3.0,6.0,567.0,362.0,25.0,11.0,1.0,3.0,2.0,0.0,14.0
214,01/11/2020,Everton,1,53.8,6.0,14.0,705.0,491.0,21.0,22.0,4.0,2.0,2.0,0.0,7.0
215,01/11/2020,Leicester City,1,58.2,5.0,5.0,686.0,455.0,20.0,21.0,2.0,3.0,0.0,0.0,9.0
216,01/11/2020,Manchester United,4,59.6,6.0,13.0,847.0,646.0,21.0,8.0,4.0,2.0,0.0,0.0,18.0
217,01/10/2020,Sheffield United,1,46.9,3.0,13.0,612.0,437.0,19.0,11.0,7.0,3.0,1.0,0.0,11.0
218,01/11/2020,Tottenham Hotspur,0,33.2,4.0,14.0,591.0,381.0,13.0,38.0,4.0,2.0,0.0,0.0,4.0
219,01/11/2020,Wolverhampton Wanderers,1,65.7,4.0,9.0,779.0,593.0,16.0,8.0,5.0,0.0,0.0,0.0,13.0
220,01/18/2020,Arsenal,1,61.0,4.0,11.0,758.0,567.0,13.0,16.0,4.0,3.0,1.0,0.0,9.0
221,01/18/2020,Brighton and Hove Albion,1,55.3,2.0,10.0,729.0,500.0,20.0,12.0,3.0,2.0,3.0,0.0,11.0
222,01/19/2020,Burnley,2,44.5,5.0,8.0,611.0,386.0,16.0,18.0,4.0,1.0,1.0,0.0,14.0
223,01/19/2020,Liverpool,2,53.2,5.0,16.0,717.0,509.0,22.0,13.0,11.0,2.0,1.0,0.0,7.0
224,01/18/2020,Manchester City,2,72.5,6.0,25.0,898.0,666.0,13.0,3.0,14.0,0.0,1.0,0.0,9.0
225,01/18/2020,Newcastle United,1,30.1,2.0,7.0,507.0,286.0,13.0,40.0,1.0,1.0,1.0,0.0,9.0
226,01/18/2020,Norwich City,1,66.0,5.0,16.0,820.0,635.0,13.0,11.0,4.0,0.0,2.0,1.0,10.0
227,01/18/2020,Southampton,2,52.5,5.0,11.0,607.0,402.0,14.0,16.0,1.0,2.0,2.0,0.0,13.0
228,01/18/2020,Watford,0,41.5,2.0,15.0,551.0,342.0,25.0,11.0,3.0,2.0,2.0,0.0,13.0
229,01/18/2020,West Ham United,1,48.8,6.0,12.0,645.0,435.0,16.0,17.0,7.0,3.0,1.0,0.0,11.0
230,01/21/2020,Aston Villa,2,64.5,5.0,16.0,790.0,558.0,9.0,14.0,6.0,0.0,2.0,0.0,11.0
231,01/21/2020,AFC Bournemouth,3,34.7,3.0,11.0,495.0,303.0,10.0,20.0,5.0,2.0,1.0,0.0,9.0
232,01/21/2020,Everton,2,54.9,8.0,17.0,769.0,562.0,15.0,16.0,6.0,1.0,1.0,0.0,13.0
233,01/22/2020,Leicester City,4,67.3,8.0,19.0,771.0,569.0,17.0,10.0,7.0,2.0,1.0,0.0,10.0
234,01/22/2020,Manchester United,0,72.2,7.0,24.0,880.0,692.0,10.0,13.0,5.0,2.0,0.0,0.0,11.0
235,01/21/2020,Sheffield United,0,32.7,1.0,4.0,463.0,286.0,13.0,23.0,5.0,4.0,4.0,0.0,13.0
236,01/23/2020,Wolverhampton Wanderers,1,46.4,3.0,10.0,678.0,505.0,11.0,7.0,2.0,2.0,0.0,0.0,6.0
237,01/21/2020,Chelsea,2,58.8,8.0,19.0,751.0,546.0,18.0,18.0,17.0,2.0,2.0,0.0,11.0
238,01/21/2020,Crystal Palace,0,44.4,0.0,6.0,597.0,365.0,20.0,18.0,0.0,2.0,1.0,0.0,12.0
239,01/22/2020,Tottenham Hotspur,2,50.4,3.0,14.0,680.0,479.0,11.0,14.0,7.0,1.0,0.0,0.0,12.0
240,02/01/2020,AFC Bournemouth,2,39.6,6.0,16.0,524.0,303.0,12.0,36.0,1.0,1.0,1.0,1.0,10.0
241,02/02/2020,Burnley,0,42.7,2.0,15.0,533.0,324.0,20.0,21.0,5.0,4.0,1.0,0.0,8.0
242,02/01/2020,Crystal Palace,0,60.7,3.0,13.0,721.0,515.0,14.0,12.0,9.0,1.0,3.0,1.0,9.0
243,02/01/2020,Leicester City,2,49.7,4.0,14.0,671.0,478.0,25.0,18.0,4.0,1.0,2.0,0.0,16.0
244,02/01/2020,Liverpool,4,61.5,9.0,16.0,728.0,530.0,14.0,23.0,6.0,2.0,0.0,0.0,9.0
245,02/01/2020,Manchester United,0,63.7,5.0,16.0,851.0,633.0,19.0,12.0,4.0,0.0,3.0,0.0,14.0
246,02/01/2020,Newcastle United,0,43.4,5.0,15.0,579.0,365.0,15.0,37.0,8.0,3.0,2.0,0.0,10.0
247,02/02/2020,Tottenham Hotspur,2,33.1,3.0,3.0,531.0,347.0,21.0,29.0,2.0,2.0,2.0,0.0,8.0
248,02/01/2020,Watford,2,44.6,2.0,11.0,549.0,364.0,15.0,20.0,4.0,0.0,2.0,0.0,17.0
249,02/01/2020,West Ham United,3,35.1,6.0,12.0,524.0,321.0,23.0,20.0,4.0,2.0,1.0,0.0,8.0
250,02/16/2020,Arsenal,4,68.4,7.0,15.0,816.0,643.0,12.0,15.0,5.0,1.0,2.0,0.0,15.0
251,02/16/2020,Aston Villa,2,54.3,4.0,18.0,690.0,444.0,14.0,18.0,12.0,0.0,2.0,0.0,12.0
252,02/08/2020,Brighton and Hove Albion,1,67.2,2.0,10.0,797.0,603.0,13.0,8.0,3.0,2.0,2.0,0.0,9.0
253,02/17/2020,Chelsea,0,61.2,1.0,17.0,799.0,606.0,18.0,14.0,9.0,2.0,4.0,0.0,11.0
254,02/08/2020,Everton,3,46.6,8.0,14.0,594.0,358.0,20.0,22.0,4.0,1.0,0.0,0.0,11.0
255,02/19/2020,Manchester City,2,77.3,7.0,20.0,1070.0,896.0,11.0,12.0,6.0,1.0,0.0,0.0,5.0
256,02/15/2020,Norwich City,0,36.7,1.0,5.0,571.0,373.0,17.0,33.0,2.0,1.0,1.0,0.0,5.0
257,02/09/2020,Sheffield United,2,54.3,6.0,16.0,666.0,449.0,17.0,20.0,8.0,0.0,2.0,0.0,10.0
258,02/15/2020,Southampton,1,63.6,2.0,10.0,731.0,518.0,11.0,10.0,4.0,1.0,2.0,0.0,8.0
259,02/14/2020,Wolverhampton Wanderers,0,40.8,3.0,15.0,557.0,328.0,18.0,15.0,7.0,2.0,2.0,0.0,13.0
260,02/23/2020,Arsenal,3,51.3,4.0,9.0,666.0,491.0,13.0,16.0,6.0,2.0,0.0,0.0,12.0
261,02/22/2020,Burnley,3,42.1,10.0,16.0,503.0,306.0,22.0,18.0,7.0,1.0,4.0,0.0,9.0
262,02/22/2020,Chelsea,2,49.1,7.0,17.0,772.0,551.0,26.0,13.0,3.0,1.0,1.0,0.0,14.0
263,02/22/2020,Crystal Palace,1,44.2,9.0,18.0,585.0,356.0,22.0,15.0,7.0,0.0,2.0,0.0,15.0
264,02/22/2020,Leicester City,0,31.9,3.0,10.0,515.0,311.0,14.0,21.0,3.0,1.0,0.0,0.0,14.0
265,02/24/2020,Liverpool,3,69.3,7.0,25.0,861.0,626.0,23.0,19.0,16.0,2.0,0.0,0.0,4.0
266,02/23/2020,Manchester United,3,58.0,9.0,21.0,789.0,597.0,21.0,15.0,3.0,1.0,0.0,0.0,6.0
267,02/22/2020,Sheffield United,1,66.3,3.0,13.0,782.0,532.0,15.0,7.0,12.0,3.0,0.0,0.0,5.0
268,02/22/2020,Southampton,2,45.9,9.0,28.0,552.0,341.0,17.0,15.0,9.0,0.0,1.0,0.0,13.0
269,02/23/2020,Wolverhampton Wanderers,3,39.8,6.0,19.0,592.0,378.0,32.0,12.0,4.0,1.0,2.0,0.0,11.0
270,06/17/2020,Aston Villa,0,45.1,6.0,14.0,575.0,382.0,8.0,17.0,12.0,1.0,1.0,0.0,11.0
271,02/29/2020,AFC Bournemouth,2,26.9,5.0,9.0,515.0,301.0,8.0,49.0,4.0,1.0,2.0,0.0,8.0
272,02/29/2020,Brighton and Hove Albion,0,66.5,8.0,23.0,778.0,538.0,26.0,15.0,8.0,1.0,2.0,0.0,8.0
273,03/01/2020,Everton,1,44.1,5.0,16.0,551.0,327.0,14.0,19.0,13.0,3.0,3.0,0.0,11.0
274,06/17/2020,Manchester City,3,67.1,12.0,20.0,834.0,692.0,7.0,6.0,5.0,1.0,1.0,0.0,9.0
275,02/29/2020,Newcastle United,0,54.0,4.0,21.0,576.0,376.0,19.0,18.0,11.0,2.0,4.0,0.0,11.0
276,02/28/2020,Norwich City,1,42.6,6.0,11.0,560.0,344.0,22.0,23.0,6.0,2.0,1.0,0.0,13.0
277,03/01/2020,Tottenham Hotspur,2,65.5,5.0,13.0,824.0,621.0,22.0,19.0,4.0,0.0,3.0,0.0,12.0
278,02/29/2020,Watford,3,29.2,5.0,14.0,485.0,299.0,13.0,41.0,3.0,5.0,0.0,0.0,4.0
279,02/29/2020,West Ham United,3,33.7,7.0,14.0,481.0,257.0,16.0,35.0,4.0,0.0,1.0,0.0,8.0
280,03/07/2020,Arsenal,1,68.9,2.0,9.0,799.0,621.0,13.0,28.0,6.0,2.0,1.0,0.0,11.0
281,03/07/2020,Burnley,1,45.0,8.0,21.0,623.0,378.0,24.0,21.0,3.0,2.0,5.0,0.0,16.0
282,03/08/2020,Chelsea,4,60.2,11.0,17.0,823.0,646.0,13.0,12.0,6.0,0.0,1.0,0.0,8.0
283,03/07/2020,Crystal Palace,1,44.2,3.0,10.0,604.0,371.0,21.0,33.0,8.0,2.0,4.0,0.0,12.0
284,03/09/2020,Leicester City,4,64.6,7.0,15.0,757.0,543.0,24.0,12.0,9.0,3.0,2.0,0.0,15.0
285,03/07/2020,Liverpool,2,74.5,6.0,14.0,917.0,729.0,7.0,20.0,9.0,1.0,0.0,0.0,10.0
286,03/08/2020,Manchester United,2,27.7,6.0,12.0,488.0,294.0,19.0,33.0,2.0,1.0,2.0,0.0,11.0
287,03/07/2020,Sheffield United,1,41.8,4.0,10.0,576.0,359.0,14.0,31.0,10.0,1.0,0.0,0.0,12.0
288,03/07/2020,Southampton,0,38.0,3.0,6.0,502.0,298.0,19.0,18.0,5.0,0.0,0.0,1.0,14.0
289,03/07/2020,Wolverhampton Wanderers,0,43.1,1.0,11.0,668.0,458.0,22.0,14.0,2.0,0.0,1.0,0.0,4.0
290,06/21/2020,Aston Villa,1,26.0,4.0,8.0,412.0,246.0,8.0,31.0,2.0,0.0,2.0,0.0,9.0
291,06/20/2020,AFC Bournemouth,0,58.7,1.0,12.0,680.0,494.0,18.0,8.0,11.0,2.0,3.0,0.0,13.0
292,06/20/2020,Brighton and Hove Albion,2,41.3,5.0,9.0,495.0,325.0,22.0,23.0,10.0,0.0,2.0,0.0,13.0
293,06/21/2020,Everton,0,29.9,3.0,8.0,426.0,256.0,20.0,26.0,1.0,2.0,2.0,0.0,15.0
294,06/22/2020,Manchester City,5,71.7,7.0,19.0,938.0,816.0,12.0,8.0,3.0,1.0,1.0,0.0,8.0
295,06/21/2020,Newcastle United,3,46.0,8.0,12.0,603.0,442.0,11.0,12.0,2.0,3.0,2.0,0.0,9.0
296,06/19/2020,Norwich City,0,55.0,1.0,9.0,616.0,406.0,19.0,15.0,9.0,3.0,1.0,0.0,9.0
297,06/19/2020,Tottenham Hotspur,1,38.8,3.0,10.0,566.0,365.0,14.0,30.0,7.0,1.0,0.0,0.0,17.0
298,06/20/2020,Watford,1,31.7,4.0,8.0,459.0,254.0,13.0,22.0,2.0,0.0,0.0,0.0,15.0
299,06/20/2020,West Ham United,0,42.2,2.0,7.0,536.0,357.0,15.0,16.0,5.0,0.0,1.0,0.0,8.0
300,06/25/2020,Burnley,1,55.2,5.0,9.0,610.0,424.0,11.0,36.0,1.0,3.0,1.0,0.0,13.0
301,06/25/2020,Chelsea,2,35.3,10.0,15.0,517.0,382.0,13.0,20.0,5.0,3.0,1.0,0.0,13.0
302,06/23/2020,Leicester City,0,66.4,2.0,11.0,783.0,588.0,16.0,20.0,6.0,0.0,2.0,0.0,10.0
303,06/24/2020,Liverpool,4,73.3,7.0,21.0,1051.0,886.0,17.0,1.0,6.0,0.0,0.0,0.0,7.0
304,06/24/2020,Manchester United,3,68.2,6.0,15.0,891.0,748.0,7.0,18.0,10.0,1.0,1.0,0.0,10.0
305,06/24/2020,Newcastle United,1,52.1,3.0,13.0,595.0,416.0,6.0,32.0,6.0,1.0,2.0,0.0,15.0
306,06/24/2020,Norwich City,0,46.6,1.0,9.0,629.0,432.0,15.0,24.0,6.0,1.0,0.0,0.0,8.0
307,06/25/2020,Southampton,0,52.6,3.0,12.0,608.0,435.0,17.0,8.0,4.0,2.0,0.0,1.0,10.0
308,06/23/2020,Tottenham Hotspur,2,64.5,4.0,15.0,826.0,662.0,9.0,10.0,9.0,3.0,2.0,0.0,12.0
309,06/24/2020,Wolverhampton Wanderers,1,55.1,2.0,10.0,613.0,425.0,14.0,24.0,6.0,2.0,3.0,0.0,11.0
310,07/01/2020,Arsenal,4,51.6,8.0,13.0,626.0,468.0,12.0,11.0,6.0,0.0,1.0,0.0,10.0
311,06/27/2020,Aston Villa,0,48.0,1.0,11.0,568.0,423.0,8.0,9.0,2.0,0.0,1.0,0.0,16.0
312,07/01/2020,AFC Bournemouth,1,54.9,1.0,12.0,662.0,493.0,16.0,7.0,6.0,2.0,2.0,0.0,11.0
313,06/30/2020,Brighton and Hove Albion,0,38.0,2.0,8.0,529.0,375.0,13.0,13.0,4.0,2.0,0.0,0.0,10.0
314,06/29/2020,Crystal Palace,0,58.4,4.0,17.0,678.0,479.0,13.0,13.0,9.0,0.0,1.0,0.0,12.0
315,07/01/2020,Everton,2,34.9,2.0,7.0,524.0,331.0,20.0,34.0,3.0,0.0,1.0,0.0,13.0
316,07/02/2020,Manchester City,4,47.0,6.0,14.0,662.0,490.0,10.0,19.0,3.0,3.0,2.0,0.0,8.0
317,07/02/2020,Sheffield United,3,32.5,5.0,7.0,494.0,312.0,18.0,28.0,1.0,2.0,2.0,0.0,13.0
318,06/28/2020,Watford,1,47.6,0.0,8.0,587.0,396.0,13.0,10.0,5.0,1.0,3.0,0.0,18.0
319,07/01/2020,West Ham United,3,28.8,4.0,10.0,442.0,273.0,16.0,29.0,2.0,2.0,2.0,0.0,10.0
320,07/05/2020,Burnley,1,47.4,4.0,9.0,606.0,404.0,9.0,36.0,3.0,2.0,0.0,0.0,8.0
321,07/04/2020,Chelsea,3,70.4,9.0,21.0,923.0,731.0,13.0,18.0,5.0,1.0,0.0,0.0,9.0
322,07/04/2020,Leicester City,3,0.0,0.0,0.0,0.0,0.0,0.0,0.0,0.0,0.0,0.0,0.0,0.0
323,07/05/2020,Liverpool,2,71.2,4.0,6.0,830.0,672.0,7.0,18.0,7.0,1.0,1.0,0.0,18.0
324,07/04/2020,Manchester United,5,69.3,10.0,19.0,812.0,648.0,16.0,9.0,8.0,4.0,0.0,0.0,3.0
325,07/05/2020,Newcastle United,2,57.4,4.0,11.0,704.0,516.0,22.0,20.0,6.0,1.0,1.0,0.0,9.0
326,07/04/2020,Norwich City,0,58.0,1.0,12.0,763.0,587.0,14.0,19.0,0.0,4.0,2.0,0.0,11.0
327,07/05/2020,Southampton,1,26.3,4.0,8.0,519.0,297.0,20.0,57.0,2.0,3.0,1.0,0.0,6.0
328,07/06/2020,Tottenham Hotspur,1,51.6,2.0,12.0,630.0,448.0,13.0,23.0,5.0,2.0,3.0,0.0,14.0
329,07/04/2020,Wolverhampton Wanderers,0,51.9,1.0,10.0,692.0,516.0,13.0,9.0,3.0,1.0,2.0,0.0,6.0
330,07/07/2020,Arsenal,1,37.5,7.0,11.0,518.0,323.0,6.0,13.0,10.0,4.0,1.0,1.0,10.0
331,07/09/2020,Aston Villa,0,33.4,1.0,9.0,473.0,310.0,9.0,16.0,3.0,2.0,2.0,0.0,7.0
332,07/09/2020,AFC Bournemouth,0,35.7,2.0,9.0,478.0,271.0,15.0,26.0,8.0,1.0,3.0,0.0,11.0
333,07/08/2020,Brighton and Hove Albion,1,44.4,2.0,12.0,594.0,381.0,12.0,39.0,6.0,5.0,1.0,0.0,7.0
334,07/07/2020,Crystal Palace,2,42.0,4.0,13.0,609.0,381.0,19.0,19.0,7.0,1.0,1.0,0.0,11.0
335,07/09/2020,Everton,1,38.7,4.0,11.0,522.0,330.0,12.0,26.0,3.0,3.0,3.0,0.0,13.0
336,07/08/2020,Manchester City,5,73.6,9.0,23.0,1000.0,843.0,5.0,11.0,8.0,2.0,0.0,0.0,13.0
337,07/08/2020,Sheffield United,1,42.8,3.0,7.0,563.0,382.0,16.0,15.0,6.0,3.0,2.0,0.0,5.0
338,07/07/2020,Watford,2,43.5,4.0,9.0,564.0,375.0,21.0,8.0,4.0,0.0,2.0,0.0,11.0
339,07/08/2020,West Ham United,0,53.2,5.0,21.0,637.0,427.0,19.0,16.0,10.0,0.0,1.0,0.0,7.0
340,07/12/2020,Aston Villa,2,44.9,9.0,12.0,494.0,314.0,12.0,12.0,5.0,1.0,2.0,0.0,21.0
341,07/12/2020,AFC Bournemouth,4,44.1,4.0,9.0,611.0,424.0,6.0,20.0,2.0,4.0,2.0,0.0,11.0
342,07/11/2020,Brighton and Hove Albion,0,29.8,0.0,3.0,476.0,335.0,12.0,15.0,2.0,6.0,1.0,0.0,7.0
343,07/11/2020,Liverpool,1,70.8,9.0,23.0,857.0,659.0,10.0,17.0,11.0,2.0,1.0,0.0,7.0
344,07/13/2020,Manchester United,2,47.5,4.0,8.0,654.0,463.0,13.0,20.0,4.0,1.0,1.0,0.0,14.0
345,07/11/2020,Norwich City,0,52.5,2.0,11.0,695.0,542.0,16.0,16.0,1.0,1.0,1.0,0.0,9.0
346,07/11/2020,Sheffield United,3,23.7,4.0,9.0,408.0,251.0,7.0,37.0,4.0,1.0,1.0,0.0,8.0
347,07/12/2020,Tottenham Hotspur,2,37.3,9.0,15.0,542.0,378.0,22.0,21.0,6.0,2.0,5.0,0.0,16.0
348,07/11/2020,Watford,2,47.7,5.0,17.0,488.0,316.0,12.0,10.0,2.0,3.0,1.0,0.0,23.0
349,07/12/2020,Wolverhampton Wanderers,3,55.1,7.0,14.0,717.0,564.0,9.0,11.0,5.0,1.0,0.0,0.0,9.0
350,07/15/2020,Arsenal,2,31.1,2.0,3.0,456.0,286.0,21.0,24.0,2.0,5.0,3.0,0.0,14.0
351,07/15/2020,Burnley,1,46.7,1.0,9.0,522.0,359.0,12.0,21.0,3.0,1.0,0.0,0.0,10.0
352,07/14/2020,Chelsea,1,0.0,0.0,0.0,0.0,0.0,0.0,0.0,0.0,0.0,0.0,0.0,0.0
353,07/16/2020,Crystal Palace,0,40.6,5.0,13.0,626.0,428.0,26.0,18.0,2.0,1.0,1.0,0.0,10.0
354,07/16/2020,Everton,1,54.9,1.0,9.0,622.0,443.0,10.0,20.0,5.0,0.0,2.0,0.0,15.0
355,07/16/2020,Leicester City,2,54.4,7.0,15.0,658.0,472.0,18.0,24.0,9.0,3.0,1.0,0.0,12.0
356,07/15/2020,Manchester City,2,72.5,4.0,8.0,923.0,756.0,15.0,25.0,3.0,2.0,1.0,0.0,10.0
357,07/15/2020,Newcastle United,1,52.8,6.0,22.0,662.0,503.0,14.0,9.0,5.0,0.0,2.0,0.0,6.0
358,07/16/2020,Southampton,1,67.9,6.0,21.0,787.0,597.0,15.0,8.0,8.0,1.0,1.0,0.0,6.0
359,07/17/2020,West Ham United,3,40.6,4.0,10.0,497.0,297.0,13.0,28.0,9.0,1.0,0.0,0.0,11.0
360,07/21/2020,Aston Villa,1,0.0,0.0,0.0,0.0,0.0,0.0,0.0,0.0,0.0,0.0,0.0,0.0
361,07/19/2020,AFC Bournemouth,0,43.0,3.0,11.0,506.0,288.0,17.0,11.0,12.0,2.0,2.0,0.0,12.0
362,07/20/2020,Brighton and Hove Albion,0,62.5,3.0,11.0,725.0,542.0,12.0,19.0,9.0,1.0,4.0,0.0,13.0
363,07/22/2020,Liverpool,5,50.0,7.0,10.0,749.0,584.0,19.0,14.0,6.0,0.0,1.0,0.0,8.0
364,07/22/2020,Manchester United,1,57.2,4.0,11.0,775.0,609.0,9.0,8.0,2.0,3.0,3.0,0.0,10.0
365,07/18/2020,Norwich City,0,42.3,2.0,6.0,516.0,354.0,6.0,23.0,6.0,1.0,0.0,2.0,9.0
366,07/20/2020,Sheffield United,0,50.6,0.0,8.0,651.0,468.0,17.0,12.0,7.0,1.0,1.0,0.0,11.0
367,07/19/2020,Tottenham Hotspur,3,29.0,3.0,7.0,465.0,285.0,17.0,30.0,4.0,4.0,2.0,0.0,15.0
368,07/21/2020,Watford,0,23.1,0.0,2.0,410.0,232.0,18.0,21.0,0.0,4.0,2.0,0.0,14.0
369,07/20/2020,Wolverhampton Wanderers,2,53.4,5.0,11.0,651.0,465.0,18.0,14.0,5.0,0.0,2.0,0.0,11.0
370,07/26/2020,Arsenal,3,51.1,5.0,13.0,626.0,442.0,14.0,25.0,4.0,1.0,3.0,0.0,9.0
371,07/26/2020,Burnley,1,54.2,2.0,13.0,561.0,378.0,20.0,3.0,6.0,3.0,3.0,0.0,11.0
372,07/26/2020,Chelsea,2,62.9,3.0,11.0,833.0,629.0,30.0,14.0,3.0,3.0,2.0,0.0,10.0
373,07/26/2020,Crystal Palace,1,47.2,2.0,13.0,637.0,422.0,22.0,11.0,7.0,1.0,3.0,0.0,11.0
374,07/26/2020,Everton,1,70.0,5.0,13.0,916.0,687.0,26.0,23.0,2.0,0.0,1.0,0.0,11.0
375,07/26/2020,Leicester City,0,45.8,3.0,14.0,623.0,425.0,23.0,12.0,3.0,2.0,1.0,1.0,12.0
376,07/26/2020,Manchester City,5,73.1,10.0,31.0,900.0,722.0,12.0,5.0,9.0,0.0,1.0,0.0,7.0
377,07/26/2020,Newcastle United,1,25.3,2.0,3.0,428.0,267.0,23.0,23.0,2.0,3.0,1.0,0.0,11.0
378,07/26/2020,Southampton,3,72.1,4.0,13.0,864.0,684.0,11.0,8.0,9.0,2.0,0.0,0.0,9.0
379,07/26/2020,West Ham United,1,63.0,1.0,10.0,655.0,480.0,15.0,26.0,0.0,0.0,2.0,0.0,16.0
0,08/09/2019,Norwich City,1,42.1,5.0,12.0,577.0,363.0,12.0,35.0,2.0,5.0,2.0,0.0,9.0
1,08/10/2019,Sheffield United,1,47.1,3.0,8.0,615.0,428.0,14.0,16.0,4.0,1.0,1.0,0.0,19.0
2,08/10/2019,Southampton,0,53.5,3.0,11.0,579.0,393.0,7.0,18.0,7.0,1.0,0.0,0.0,12.0
3,08/10/2019,Everton,0,64.6,3.0,10.0,722.0,500.0,14.0,18.0,2.0,0.0,1.0,1.0,14.0
4,08/11/2019,Wolverhampton Wanderers,0,30.0,2.0,8.0,508.0,291.0,19.0,33.0,3.0,1.0,2.0,0.0,13.0
5,08/10/2019,Aston Villa,1,29.9,4.0,7.0,461.0,256.0,29.0,39.0,0.0,0.0,0.0,0.0,9.0
6,08/10/2019,Brighton and Hove Albion,3,51.8,3.0,5.0,637.0,442.0,24.0,24.0,2.0,3.0,1.0,0.0,11.0
7,08/10/2019,Manchester City,5,57.1,9.0,14.0,722.0,547.0,18.0,13.0,1.0,4.0,2.0,0.0,13.0
8,08/11/2019,Chelsea,0,53.8,7.0,18.0,730.0,523.0,21.0,11.0,5.0,0.0,4.0,0.0,13.0
9,08/11/2019,Arsenal,1,61.9,2.0,8.0,819.0,616.0,11.0,22.0,3.0,3.0,3.0,0.0,7.0
10,08/17/2019,Burnley,1,32.5,5.0,18.0,437.0,234.0,16.0,25.0,7.0,1.0,1.0,0.0,11.0
11,08/17/2019,AFC Bournemouth,2,37.4,4.0,12.0,468.0,295.0,15.0,25.0,5.0,2.0,2.0,0.0,13.0
12,08/17/2019,West Ham United,1,42.7,3.0,8.0,587.0,377.0,22.0,14.0,6.0,4.0,2.0,0.0,10.0
13,08/18/2019,Leicester City,1,49.8,3.0,12.0,690.0,455.0,29.0,20.0,5.0,3.0,0.0,0.0,14.0
14,08/17/2019,Watford,0,55.9,2.0,8.0,611.0,388.0,34.0,13.0,7.0,1.0,3.0,0.0,11.0
15,08/17/2019,Tottenham Hotspur,2,44.6,2.0,3.0,701.0,506.0,17.0,23.0,2.0,1.0,0.0,0.0,4.0
16,08/17/2019,Newcastle United,1,36.7,4.0,12.0,513.0,336.0,14.0,13.0,5.0,1.0,3.0,0.0,11.0
17,08/18/2019,Crystal Palace,0,0.0,0.0,0.0,0.0,0.0,0.0,0.0,0.0,0.0,0.0,0.0,0.0
18,08/17/2019,Liverpool,2,63.8,6.0,15.0,735.0,530.0,7.0,30.0,9.0,1.0,1.0,0.0,6.0
19,08/19/2019,Manchester United,1,65.6,2.0,9.0,845.0,668.0,23.0,15.0,6.0,1.0,2.0,0.0,8.0
20,08/23/2019,Everton,0,64.8,1.0,12.0,727.0,539.0,16.0,7.0,6.0,1.0,3.0,0.0,18.0
21,08/25/2019,Manchester City,3,73.8,5.0,18.0,905.0,728.0,16.0,16.0,5.0,4.0,3.0,0.0,13.0
22,08/24/2019,Southampton,2,49.3,4.0,12.0,580.0,395.0,19.0,22.0,5.0,0.0,3.0,0.0,10.0
23,08/24/2019,Arsenal,1,48.0,3.0,9.0,738.0,516.0,16.0,27.0,4.0,4.0,1.0,0.0,5.0
24,08/24/2019,Crystal Palace,2,28.7,3.0,5.0,409.0,231.0,25.0,26.0,1.0,0.0,4.0,0.0,18.0
25,08/24/2019,Chelsea,3,53.4,8.0,23.0,766.0,543.0,26.0,9.0,8.0,0.0,1.0,0.0,9.0
26,08/24/2019,Leicester City,2,50.9,2.0,10.0,668.0,452.0,13.0,38.0,4.0,5.0,0.0,0.0,6.0
27,08/25/2019,Newcastle United,1,19.8,3.0,8.0,391.0,190.0,15.0,54.0,6.0,4.0,2.0,0.0,5.0
28,08/24/2019,West Ham United,3,45.1,10.0,16.0,593.0,386.0,17.0,24.0,7.0,2.0,1.0,0.0,11.0
29,08/25/2019,Burnley,1,34.9,4.0,13.0,479.0,306.0,12.0,27.0,3.0,1.0,2.0,0.0,11.0
30,09/01/2019,Tottenham Hotspur,2,45.2,9.0,13.0,569.0,388.0,13.0,24.0,6.0,1.0,5.0,0.0,19.0
31,08/31/2019,Liverpool,3,63.8,7.0,15.0,739.0,568.0,11.0,19.0,4.0,1.0,0.0,0.0,16.0
32,08/31/2019,Sheffield United,2,37.7,2.0,8.0,595.0,429.0,15.0,24.0,4.0,0.0,1.0,0.0,11.0
33,08/31/2019,Aston Villa,0,47.2,2.0,10.0,591.0,379.0,19.0,30.0,2.0,0.0,4.0,1.0,16.0
34,09/01/2019,Wolverhampton Wanderers,2,41.3,5.0,8.0,522.0,320.0,19.0,22.0,7.0,2.0,4.0,1.0,12.0
35,08/31/2019,AFC Bournemouth,1,45.0,2.0,8.0,647.0,432.0,14.0,18.0,5.0,1.0,3.0,0.0,11.0
36,08/31/2019,Brighton and Hove Albion,0,46.5,2.0,6.0,678.0,523.0,18.0,14.0,1.0,3.0,1.0,0.0,6.0
37,08/31/2019,Watford,1,51.2,3.0,13.0,682.0,498.0,14.0,24.0,5.0,0.0,3.0,0.0,11.0
38,08/31/2019,Manchester United,1,58.6,8.0,21.0,771.0,537.0,19.0,16.0,3.0,1.0,2.0,0.0,7.0
39,08/31/2019,Norwich City,0,51.4,3.0,8.0,710.0,500.0,14.0,15.0,2.0,3.0,1.0,0.0,10.0
40,09/16/2019,West Ham United,0,53.4,1.0,13.0,678.0,470.0,21.0,15.0,4.0,3.0,1.0,1.0,12.0
41,09/15/2019,Everton,1,59.5,5.0,14.0,684.0,488.0,18.0,10.0,7.0,0.0,4.0,0.0,14.0
42,09/14/2019,Burnley,1,37.5,1.0,7.0,500.0,284.0,17.0,24.0,6.0,2.0,2.0,0.0,7.0
43,09/14/2019,Newcastle United,1,24.7,1.0,8.0,470.0,282.0,20.0,33.0,1.0,8.0,0.0,0.0,4.0
44,09/14/2019,Leicester City,0,58.3,3.0,9.0,686.0,471.0,30.0,11.0,9.0,2.0,2.0,0.0,14.0
45,09/14/2019,Manchester City,2,68.6,8.0,25.0,876.0,671.0,15.0,7.0,16.0,0.0,1.0,0.0,7.0
46,09/14/2019,Southampton,1,51.8,7.0,11.0,692.0,467.0,18.0,28.0,6.0,1.0,1.0,0.0,7.0
47,09/14/2019,Crystal Palace,0,35.9,6.0,11.0,537.0,357.0,15.0,15.0,3.0,0.0,3.0,0.0,11.0
48,09/15/2019,Arsenal,2,47.6,4.0,7.0,625.0,466.0,13.0,16.0,1.0,0.0,3.0,0.0,4.0
49,09/14/2019,Chelsea,5,54.7,6.0,15.0,781.0,555.0,20.0,28.0,5.0,1.0,2.0,0.0,11.0
50,09/22/2019,Aston Villa,2,41.9,9.0,14.0,521.0,326.0,20.0,21.0,4.0,0.0,1.0,0.0,15.0
51,09/21/2019,Norwich City,0,58.6,2.0,11.0,714.0,528.0,19.0,19.0,3.0,0.0,1.0,0.0,10.0
52,09/22/2019,Liverpool,2,45.0,3.0,6.0,608.0,415.0,11.0,37.0,4.0,1.0,3.0,0.0,13.0
53,09/22/2019,Wolverhampton Wanderers,1,50.1,4.0,13.0,661.0,442.0,31.0,17.0,7.0,0.0,1.0,1.0,10.0
54,09/21/2019,Sheffield United,2,30.2,1.0,2.0,442.0,227.0,15.0,63.0,3.0,1.0,3.0,0.0,9.0
55,09/21/2019,Tottenham Hotspur,1,55.8,4.0,11.0,704.0,491.0,18.0,23.0,2.0,3.0,2.0,0.0,13.0
56,09/21/2019,Watford,0,31.3,4.0,5.0,486.0,336.0,12.0,20.0,4.0,2.0,2.0,0.0,9.0
57,09/21/2019,Brighton and Hove Albion,0,71.3,3.0,16.0,922.0,718.0,14.0,14.0,3.0,3.0,1.0,0.0,8.0
58,09/20/2019,AFC Bournemouth,3,35.2,3.0,6.0,519.0,300.0,8.0,25.0,5.0,2.0,3.0,0.0,9.0
59,09/22/2019,Manchester United,0,53.5,3.0,9.0,661.0,479.0,13.0,18.0,7.0,1.0,2.0,0.0,9.0
60,09/28/2019,Burnley,2,39.8,3.0,10.0,438.0,281.0,13.0,16.0,3.0,0.0,4.0,0.0,16.0
61,09/28/2019,West Ham United,2,50.9,6.0,17.0,653.0,478.0,23.0,16.0,6.0,2.0,1.0,0.0,8.0
62,09/28/2019,Brighton and Hove Albion,0,47.4,1.0,8.0,704.0,502.0,21.0,25.0,2.0,2.0,3.0,0.0,13.0
63,09/28/2019,Norwich City,0,55.4,3.0,10.0,726.0,524.0,17.0,22.0,5.0,1.0,1.0,0.0,10.0
64,09/28/2019,Manchester City,3,62.8,8.0,19.0,813.0,619.0,15.0,19.0,2.0,5.0,2.0,0.0,8.0
65,09/29/2019,Newcastle United,0,31.1,0.0,3.0,520.0,328.0,17.0,24.0,0.0,1.0,1.0,1.0,9.0
66,09/30/2019,Arsenal,1,45.2,5.0,10.0,563.0,364.0,19.0,14.0,7.0,4.0,2.0,0.0,13.0
67,09/28/2019,Liverpool,1,70.4,4.0,16.0,896.0,708.0,11.0,25.0,5.0,1.0,1.0,0.0,4.0
68,09/28/2019,Southampton,1,58.6,6.0,14.0,717.0,518.0,24.0,12.0,6.0,1.0,2.0,0.0,16.0
69,09/28/2019,Watford,0,60.9,5.0,14.0,801.0,628.0,15.0,7.0,6.0,1.0,1.0,0.0,6.0
70,10/06/2019,AFC Bournemouth,0,47.5,2.0,10.0,643.0,403.0,14.0,31.0,5.0,0.0,2.0,0.0,6.0
71,10/05/2019,Tottenham Hotspur,0,52.3,3.0,8.0,750.0,547.0,23.0,15.0,4.0,1.0,1.0,0.0,7.0
72,10/05/2019,Everton,0,59.2,2.0,11.0,636.0,471.0,9.0,15.0,9.0,1.0,1.0,1.0,12.0
73,10/05/2019,Leicester City,1,49.3,1.0,2.0,681.0,478.0,16.0,27.0,6.0,2.0,4.0,0.0,17.0
74,10/06/2019,Wolverhampton Wanderers,2,24.0,2.0,7.0,423.0,230.0,18.0,43.0,1.0,2.0,2.0,0.0,14.0
75,10/06/2019,Manchester United,0,68.1,3.0,12.0,757.0,594.0,11.0,7.0,6.0,2.0,3.0,0.0,10.0
76,10/05/2019,Aston Villa,5,42.4,12.0,22.0,570.0,345.0,16.0,34.0,6.0,1.0,3.0,0.0,17.0
77,10/06/2019,Chelsea,4,56.7,7.0,13.0,715.0,528.0,19.0,19.0,4.0,0.0,1.0,0.0,15.0
78,10/05/2019,Sheffield United,0,60.5,3.0,9.0,760.0,554.0,15.0,27.0,7.0,3.0,2.0,0.0,6.0
79,10/05/2019,Crystal Palace,2,48.3,4.0,7.0,668.0,489.0,10.0,18.0,2.0,4.0,2.0,0.0,7.0
80,10/19/2019,Brighton and Hove Albion,1,51.1,5.0,20.0,659.0,475.0,11.0,28.0,5.0,0.0,2.0,1.0,17.0
81,10/19/2019,Norwich City,0,52.3,1.0,10.0,663.0,469.0,14.0,33.0,7.0,2.0,3.0,0.0,11.0
82,10/19/2019,Newcastle United,0,28.9,0.0,5.0,441.0,258.0,12.0,31.0,0.0,1.0,1.0,0.0,12.0
83,10/19/2019,Manchester City,2,71.3,10.0,21.0,868.0,682.0,11.0,13.0,8.0,2.0,1.0,0.0,10.0
84,10/19/2019,West Ham United,0,48.7,4.0,8.0,592.0,384.0,13.0,26.0,2.0,4.0,2.0,0.0,15.0
85,10/19/2019,Burnley,1,35.5,4.0,13.0,504.0,303.0,15.0,22.0,4.0,3.0,3.0,0.0,10.0
86,10/20/2019,Liverpool,1,68.0,4.0,10.0,842.0,652.0,18.0,17.0,1.0,1.0,1.0,0.0,14.0
87,10/21/2019,Arsenal,0,68.6,3.0,9.0,835.0,633.0,17.0,12.0,12.0,1.0,4.0,0.0,12.0
88,10/19/2019,Watford,1,30.6,2.0,7.0,503.0,313.0,20.0,52.0,2.0,1.0,3.0,0.0,9.0
89,10/19/2019,Southampton,1,43.0,5.0,14.0,559.0,385.0,9.0,19.0,3.0,2.0,2.0,0.0,17.0
90,10/27/2019,Crystal Palace,2,43.8,4.0,10.0,554.0,345.0,14.0,26.0,5.0,1.0,0.0,0.0,9.0
91,10/26/2019,Everton,2,44.5,6.0,10.0,613.0,425.0,17.0,14.0,5.0,2.0,1.0,0.0,12.0
92,10/26/2019,Chelsea,4,63.3,7.0,16.0,882.0,691.0,13.0,20.0,6.0,0.0,2.0,0.0,8.0
93,10/27/2019,Tottenham Hotspur,1,32.0,4.0,11.0,523.0,298.0,16.0,35.0,3.0,4.0,3.0,0.0,11.0
94,10/26/2019,Aston Villa,0,36.9,5.0,11.0,537.0,341.0,10.0,27.0,7.0,2.0,1.0,0.0,5.0
95,10/27/2019,Wolverhampton Wanderers,1,56.9,5.0,13.0,720.0,533.0,18.0,17.0,6.0,1.0,2.0,0.0,16.0
96,10/27/2019,Manchester United,3,53.9,11.0,21.0,692.0,480.0,24.0,13.0,10.0,0.0,2.0,0.0,10.0
97,10/25/2019,Leicester City,9,72.6,15.0,25.0,925.0,709.0,26.0,8.0,7.0,0.0,0.0,0.0,12.0
98,10/26/2019,AFC Bournemouth,0,59.8,5.0,15.0,713.0,501.0,16.0,21.0,10.0,3.0,3.0,0.0,8.0
99,10/26/2019,Sheffield United,1,39.2,4.0,10.0,551.0,357.0,11.0,27.0,4.0,4.0,2.0,0.0,10.0
100,11/02/2019,Wolverhampton Wanderers,1,42.5,8.0,24.0,613.0,397.0,22.0,21.0,9.0,2.0,2.0,0.0,15.0
101,11/02/2019,Liverpool,2,73.7,6.0,25.0,860.0,634.0,17.0,21.0,10.0,2.0,2.0,0.0,9.0
102,11/02/2019,Manchester United,0,57.4,4.0,15.0,700.0,488.0,18.0,11.0,10.0,4.0,3.0,0.0,12.0
103,11/02/2019,Norwich City,0,41.5,0.0,7.0,572.0,391.0,13.0,19.0,3.0,1.0,1.0,0.0,8.0
104,11/03/2019,Leicester City,2,55.8,5.0,14.0,634.0,431.0,22.0,24.0,6.0,1.0,2.0,0.0,16.0
105,11/03/2019,Tottenham Hotspur,1,52.7,2.0,5.0,651.0,443.0,15.0,24.0,2.0,2.0,2.0,1.0,8.0
106,11/02/2019,Southampton,1,24.7,3.0,3.0,461.0,225.0,20.0,76.0,0.0,0.0,1.0,0.0,10.0
107,11/02/2019,Burnley,0,54.4,0.0,6.0,627.0,460.0,5.0,17.0,6.0,0.0,2.0,0.0,12.0
108,11/02/2019,Chelsea,2,67.2,10.0,16.0,991.0,793.0,16.0,17.0,6.0,0.0,2.0,0.0,5.0
109,11/02/2019,Newcastle United,3,30.5,9.0,12.0,454.0,262.0,18.0,40.0,3.0,4.0,1.0,0.0,7.0
110,11/09/2019,West Ham United,0,60.0,4.0,7.0,633.0,459.0,14.0,21.0,4.0,1.0,1.0,0.0,10.0
111,11/09/2019,Crystal Palace,0,39.4,1.0,3.0,559.0,377.0,19.0,21.0,0.0,0.0,2.0,0.0,17.0
112,11/09/2019,Arsenal,0,49.8,1.0,8.0,673.0,478.0,18.0,15.0,4.0,2.0,1.0,0.0,10.0
113,11/10/2019,Manchester City,1,55.0,3.0,18.0,717.0,507.0,15.0,24.0,13.0,5.0,2.0,0.0,5.0
114,11/10/2019,Brighton and Hove Albion,1,57.3,2.0,6.0,707.0,483.0,28.0,14.0,2.0,4.0,5.0,0.0,14.0
115,11/09/2019,AFC Bournemouth,1,66.1,4.0,16.0,778.0,559.0,14.0,24.0,4.0,1.0,0.0,0.0,5.0
116,11/08/2019,Watford,2,34.2,2.0,12.0,522.0,315.0,25.0,36.0,4.0,0.0,2.0,1.0,13.0
117,11/09/2019,Everton,2,52.7,5.0,24.0,596.0,377.0,23.0,20.0,9.0,0.0,1.0,0.0,12.0
118,11/09/2019,Sheffield United,1,38.9,4.0,14.0,591.0,378.0,27.0,23.0,4.0,6.0,2.0,0.0,9.0
119,11/10/2019,Aston Villa,1,49.9,4.0,13.0,589.0,375.0,20.0,15.0,3.0,1.0,3.0,0.0,8.0
120,11/23/2019,Southampton,2,39.0,6.0,21.0,540.0,316.0,18.0,21.0,8.0,1.0,2.0,0.0,19.0
121,11/25/2019,Newcastle United,0,38.0,5.0,11.0,505.0,296.0,15.0,27.0,6.0,2.0,1.0,0.0,9.0
122,11/23/2019,Wolverhampton Wanderers,2,53.4,8.0,18.0,689.0,509.0,11.0,27.0,9.0,4.0,1.0,0.0,12.0
123,11/23/2019,Leicester City,2,47.4,9.0,19.0,594.0,418.0,17.0,22.0,7.0,1.0,0.0,0.0,1.0
124,11/23/2019,Liverpool,2,60.0,4.0,12.0,703.0,510.0,24.0,29.0,8.0,0.0,1.0,0.0,7.0
125,11/23/2019,Norwich City,2,42.7,5.0,13.0,538.0,307.0,18.0,35.0,7.0,0.0,5.0,0.0,11.0
126,11/23/2019,Chelsea,1,53.3,2.0,11.0,821.0,644.0,15.0,23.0,2.0,4.0,1.0,0.0,9.0
127,11/24/2019,Manchester United,3,59.4,5.0,11.0,789.0,587.0,10.0,21.0,3.0,1.0,2.0,0.0,10.0
128,11/23/2019,Burnley,3,38.1,5.0,11.0,422.0,248.0,6.0,29.0,5.0,2.0,3.0,0.0,13.0
129,11/23/2019,Tottenham Hotspur,3,52.9,6.0,15.0,655.0,471.0,19.0,15.0,7.0,6.0,2.0,0.0,14.0
130,11/30/2019,Crystal Palace,2,56.5,2.0,7.0,685.0,464.0,15.0,31.0,6.0,1.0,0.0,0.0,9.0
131,11/30/2019,West Ham United,1,34.3,4.0,5.0,545.0,354.0,26.0,30.0,3.0,0.0,3.0,0.0,16.0
132,12/01/2019,Everton,1,30.7,3.0,11.0,503.0,275.0,20.0,32.0,4.0,3.0,1.0,0.0,9.0
133,11/30/2019,Brighton and Hove Albion,1,55.2,5.0,12.0,790.0,592.0,11.0,20.0,5.0,6.0,0.0,0.0,10.0
134,12/01/2019,Aston Villa,2,37.7,3.0,9.0,503.0,309.0,22.0,18.0,9.0,4.0,1.0,0.0,8.0
135,11/30/2019,Manchester City,2,76.4,9.0,24.0,958.0,760.0,12.0,10.0,10.0,3.0,2.0,0.0,6.0
136,12/01/2019,Arsenal,2,60.1,7.0,16.0,742.0,541.0,16.0,14.0,12.0,0.0,1.0,0.0,10.0
137,11/30/2019,Watford,1,37.2,3.0,6.0,519.0,315.0,18.0,32.0,7.0,4.0,0.0,0.0,10.0
138,11/30/2019,AFC Bournemouth,2,47.4,6.0,20.0,649.0,455.0,8.0,19.0,8.0,0.0,2.0,0.0,12.0
139,12/01/2019,Sheffield United,1,40.6,4.0,10.0,583.0,361.0,19.0,37.0,2.0,3.0,5.0,0.0,18.0
140,12/05/2019,Brighton and Hove Albion,2,50.8,9.0,20.0,596.0,413.0,11.0,24.0,9.0,0.0,1.0,0.0,11.0
141,12/03/2019,Manchester City,4,75.5,8.0,17.0,947.0,774.0,8.0,18.0,6.0,2.0,1.0,0.0,6.0
142,12/04/2019,Watford,0,37.0,1.0,4.0,526.0,324.0,17.0,30.0,2.0,1.0,2.0,0.0,16.0
143,12/04/2019,Tottenham Hotspur,1,53.4,5.0,8.0,712.0,497.0,18.0,19.0,3.0,1.0,1.0,0.0,9.0
144,12/05/2019,Newcastle United,2,26.7,4.0,6.0,449.0,253.0,14.0,41.0,1.0,2.0,0.0,0.0,6.0
145,12/04/2019,West Ham United,0,50.6,3.0,6.0,676.0,496.0,23.0,17.0,4.0,3.0,2.0,0.0,9.0
146,12/04/2019,Aston Villa,1,35.5,3.0,9.0,597.0,349.0,22.0,30.0,5.0,1.0,1.0,0.0,10.0
147,12/03/2019,AFC Bournemouth,0,69.2,3.0,6.0,769.0,575.0,26.0,18.0,9.0,0.0,3.0,0.0,15.0
148,12/04/2019,Everton,2,41.5,4.0,12.0,542.0,339.0,19.0,15.0,6.0,3.0,2.0,0.0,17.0
149,12/04/2019,Norwich City,1,59.9,3.0,10.0,795.0,562.0,12.0,30.0,1.0,1.0,1.0,0.0,7.0
150,12/08/2019,Leicester City,4,59.6,8.0,23.0,693.0,478.0,17.0,30.0,5.0,1.0,2.0,0.0,15.0
151,12/07/2019,Liverpool,3,73.8,9.0,21.0,1017.0,852.0,10.0,5.0,3.0,1.0,1.0,0.0,6.0
152,12/08/2019,Wolverhampton Wanderers,2,38.0,6.0,13.0,521.0,356.0,9.0,11.0,4.0,3.0,0.0,0.0,7.0
153,12/07/2019,Chelsea,1,70.0,4.0,15.0,843.0,594.0,14.0,23.0,5.0,3.0,0.0,0.0,9.0
154,12/07/2019,Manchester United,2,28.1,7.0,11.0,475.0,265.0,19.0,39.0,3.0,0.0,2.0,0.0,10.0
155,12/08/2019,Southampton,1,0.0,0.0,0.0,0.0,0.0,0.0,0.0,0.0,0.0,0.0,0.0,0.0
156,12/08/2019,Sheffield United,2,41.8,3.0,9.0,625.0,418.0,17.0,23.0,1.0,2.0,4.0,1.0,12.0
157,12/07/2019,Burnley,0,51.0,1.0,7.0,671.0,479.0,15.0,10.0,1.0,2.0,1.0,0.0,8.0
158,12/07/2019,Crystal Palace,0,49.8,0.0,3.0,591.0,391.0,14.0,26.0,2.0,1.0,2.0,0.0,16.0
159,12/09/2019,Arsenal,3,64.2,3.0,10.0,864.0,675.0,12.0,16.0,3.0,0.0,0.0,0.0,6.0
160,12/15/2019,Manchester City,3,57.6,7.0,14.0,847.0,672.0,21.0,20.0,3.0,1.0,4.0,0.0,24.0
161,12/14/2019,Newcastle United,0,52.0,0.0,9.0,575.0,397.0,17.0,15.0,3.0,1.0,2.0,0.0,12.0
162,12/14/2019,AFC Bournemouth,1,33.0,2.0,11.0,530.0,293.0,7.0,47.0,4.0,1.0,2.0,0.0,14.0
163,12/16/2019,Brighton and Hove Albion,1,65.2,10.0,15.0,801.0,593.0,16.0,13.0,7.0,1.0,1.0,0.0,12.0
164,12/14/2019,Norwich City,1,43.2,3.0,10.0,606.0,397.0,17.0,24.0,4.0,1.0,5.0,0.0,15.0
165,12/14/2019,Watford,0,32.1,2.0,8.0,514.0,309.0,21.0,35.0,3.0,4.0,1.0,0.0,6.0
166,12/15/2019,Everton,1,33.5,3.0,8.0,470.0,264.0,21.0,30.0,5.0,3.0,2.0,0.0,12.0
167,12/14/2019,Aston Villa,0,43.3,0.0,8.0,596.0,396.0,11.0,43.0,2.0,0.0,2.0,0.0,9.0
168,12/14/2019,West Ham United,1,43.0,4.0,11.0,561.0,359.0,17.0,29.0,8.0,2.0,3.0,0.0,14.0
169,12/15/2019,Tottenham Hotspur,2,42.2,5.0,9.0,592.0,375.0,18.0,40.0,2.0,1.0,4.0,0.0,10.0
170,12/21/2019,Southampton,3,43.5,8.0,17.0,543.0,341.0,16.0,24.0,5.0,3.0,1.0,0.0,15.0
171,12/21/2019,Burnley,1,35.2,1.0,2.0,410.0,230.0,13.0,27.0,5.0,0.0,4.0,0.0,21.0
172,12/21/2019,Sheffield United,1,31.0,2.0,7.0,456.0,293.0,22.0,23.0,3.0,3.0,3.0,0.0,11.0
173,12/21/2019,Arsenal,0,57.0,2.0,6.0,678.0,484.0,14.0,24.0,4.0,1.0,3.0,0.0,11.0
174,12/21/2019,Leicester City,1,37.3,2.0,5.0,585.0,409.0,14.0,16.0,0.0,3.0,2.0,0.0,9.0
175,12/21/2019,Crystal Palace,0,57.5,4.0,16.0,702.0,503.0,18.0,14.0,5.0,0.0,0.0,0.0,11.0
176,12/21/2019,Wolverhampton Wanderers,2,49.8,4.0,14.0,618.0,440.0,13.0,12.0,11.0,2.0,4.0,0.0,14.0
177,12/22/2019,Chelsea,2,55.5,3.0,13.0,768.0,571.0,16.0,15.0,5.0,2.0,3.0,0.0,11.0
178,12/22/2019,Manchester United,0,63.9,8.0,17.0,767.0,562.0,18.0,22.0,5.0,4.0,1.0,0.0,11.0
179,01/29/2020,Liverpool,2,70.6,5.0,13.0,1007.0,828.0,17.0,12.0,7.0,0.0,0.0,0.0,6.0
180,12/26/2019,Norwich City,0,57.5,6.0,16.0,704.0,508.0,7.0,29.0,8.0,0.0,3.0,0.0,12.0
181,12/26/2019,Arsenal,1,60.5,2.0,17.0,796.0,599.0,10.0,19.0,3.0,0.0,4.0,0.0,13.0
182,12/26/2019,Southampton,2,33.9,3.0,5.0,595.0,362.0,32.0,31.0,1.0,2.0,2.0,0.0,9.0
183,12/26/2019,West Ham United,1,41.8,2.0,10.0,608.0,390.0,30.0,27.0,6.0,2.0,2.0,0.0,10.0
184,12/26/2019,Burnley,0,32.5,0.0,6.0,418.0,255.0,20.0,25.0,2.0,1.0,0.0,0.0,14.0
185,12/26/2019,Liverpool,4,58.8,6.0,15.0,788.0,590.0,10.0,15.0,8.0,3.0,1.0,0.0,7.0
186,12/26/2019,Newcastle United,1,26.7,2.0,7.0,471.0,295.0,20.0,22.0,0.0,1.0,2.0,0.0,7.0
187,12/26/2019,Watford,1,41.9,2.0,5.0,583.0,386.0,7.0,27.0,1.0,1.0,3.0,0.0,8.0
188,12/26/2019,Brighton and Hove Albion,1,46.2,5.0,11.0,640.0,416.0,23.0,28.0,2.0,0.0,2.0,0.0,9.0
189,12/27/2019,Manchester City,2,38.1,3.0,7.0,530.0,358.0,16.0,32.0,1.0,1.0,1.0,1.0,13.0
190,12/29/2019,Chelsea,2,57.9,4.0,13.0,771.0,577.0,17.0,10.0,3.0,1.0,4.0,0.0,19.0
191,12/28/2019,AFC Bournemouth,0,44.9,2.0,10.0,600.0,413.0,18.0,30.0,2.0,0.0,2.0,0.0,11.0
192,12/28/2019,Manchester United,2,61.4,5.0,14.0,675.0,501.0,6.0,20.0,4.0,2.0,3.0,0.0,10.0
193,12/29/2019,Wolverhampton Wanderers,0,37.1,2.0,10.0,559.0,352.0,23.0,20.0,6.0,5.0,0.0,0.0,3.0
194,12/29/2019,Sheffield United,0,27.1,0.0,8.0,477.0,314.0,16.0,23.0,5.0,5.0,1.0,0.0,6.0
195,12/28/2019,Everton,2,57.3,9.0,22.0,659.0,435.0,15.0,32.0,8.0,2.0,2.0,0.0,13.0
196,12/28/2019,Tottenham Hotspur,2,58.9,7.0,15.0,768.0,554.0,22.0,11.0,6.0,3.0,3.0,0.0,10.0
197,12/28/2019,Crystal Palace,1,40.1,2.0,5.0,543.0,334.0,16.0,32.0,4.0,2.0,2.0,0.0,7.0
198,12/28/2019,Aston Villa,0,51.2,2.0,11.0,631.0,433.0,11.0,23.0,3.0,3.0,1.0,0.0,9.0
199,12/28/2019,Leicester City,2,57.3,8.0,13.0,751.0,523.0,11.0,10.0,5.0,3.0,1.0,0.0,4.0
200,01/01/2020,Manchester United,0,51.2,4.0,10.0,729.0,542.0,12.0,7.0,4.0,0.0,0.0,0.0,15.0
201,01/01/2020,Chelsea,1,52.3,5.0,16.0,755.0,537.0,25.0,26.0,3.0,3.0,3.0,0.0,15.0
202,01/01/2020,Aston Villa,2,38.1,6.0,11.0,500.0,327.0,13.0,31.0,4.0,1.0,1.0,0.0,10.0
203,01/02/2020,Sheffield United,0,25.2,2.0,3.0,470.0,327.0,14.0,29.0,4.0,3.0,0.0,0.0,8.0
204,01/01/2020,Everton,1,34.6,2.0,7.0,555.0,401.0,14.0,11.0,6.0,1.0,4.0,0.0,11.0
205,01/01/2020,Leicester City,3,76.6,10.0,17.0,1022.0,833.0,17.0,14.0,5.0,3.0,1.0,0.0,12.0
206,01/01/2020,Crystal Palace,1,59.4,3.0,12.0,744.0,521.0,16.0,8.0,5.0,1.0,0.0,0.0,9.0
207,01/01/2020,Tottenham Hotspur,0,59.1,5.0,11.0,741.0,499.0,23.0,24.0,9.0,3.0,4.0,0.0,8.0
208,01/01/2020,Wolverhampton Wanderers,1,63.6,4.0,16.0,773.0,578.0,23.0,7.0,7.0,0.0,1.0,0.0,6.0
209,01/01/2020,AFC Bournemouth,0,57.4,2.0,3.0,808.0,618.0,20.0,21.0,2.0,3.0,2.0,0.0,12.0
210,01/12/2020,Manchester City,6,70.6,12.0,22.0,1037.0,877.0,16.0,5.0,4.0,0.0,1.0,0.0,12.0
211,01/12/2020,Watford,3,43.3,6.0,18.0,609.0,411.0,27.0,36.0,5.0,5.0,1.0,0.0,13.0
212,01/11/2020,Burnley,0,34.5,3.0,7.0,473.0,300.0,13.0,22.0,3.0,6.0,3.0,0.0,4.0
213,01/11/2020,Arsenal,1,57.3,4.0,7.0,691.0,487.0,17.0,19.0,4.0,1.0,3.0,1.0,22.0
214,01/11/2020,Brighton and Hove Albion,0,46.2,2.0,9.0,646.0,426.0,13.0,27.0,3.0,2.0,1.0,0.0,7.0
215,01/11/2020,Southampton,2,41.8,10.0,16.0,533.0,318.0,23.0,10.0,4.0,2.0,3.0,0.0,17.0
216,01/11/2020,Norwich City,0,40.4,3.0,8.0,652.0,440.0,22.0,20.0,2.0,0.0,0.0,0.0,7.0
217,01/10/2020,West Ham United,0,53.1,2.0,7.0,713.0,504.0,16.0,18.0,3.0,1.0,0.0,0.0,6.0
218,01/11/2020,Liverpool,1,66.8,7.0,13.0,961.0,786.0,20.0,9.0,3.0,2.0,2.0,0.0,8.0
219,01/11/2020,Newcastle United,1,34.3,1.0,5.0,496.0,311.0,15.0,37.0,2.0,1.0,3.0,0.0,12.0
220,01/18/2020,Sheffield United,1,39.0,4.0,12.0,534.0,353.0,20.0,17.0,5.0,0.0,2.0,0.0,13.0
221,01/18/2020,Aston Villa,1,44.7,3.0,8.0,618.0,397.0,20.0,19.0,4.0,4.0,3.0,0.0,13.0
222,01/19/2020,Leicester City,1,55.5,8.0,18.0,702.0,492.0,23.0,26.0,5.0,0.0,0.0,0.0,8.0
223,01/19/2020,Manchester United,0,46.8,4.0,9.0,659.0,455.0,16.0,34.0,5.0,3.0,3.0,0.0,10.0
224,01/18/2020,Crystal Palace,2,27.5,3.0,5.0,458.0,270.0,18.0,44.0,2.0,1.0,2.0,0.0,7.0
225,01/18/2020,Chelsea,0,69.9,4.0,19.0,854.0,655.0,15.0,9.0,10.0,2.0,1.0,0.0,14.0
226,01/18/2020,AFC Bournemouth,0,34.0,3.0,6.0,493.0,316.0,19.0,21.0,5.0,3.0,2.0,1.0,10.0
227,01/18/2020,Wolverhampton Wanderers,3,47.5,4.0,8.0,563.0,371.0,13.0,18.0,3.0,2.0,1.0,0.0,12.0
228,01/18/2020,Tottenham Hotspur,0,58.5,5.0,16.0,741.0,504.0,17.0,41.0,3.0,3.0,3.0,0.0,13.0
229,01/18/2020,Everton,1,51.2,3.0,11.0,659.0,459.0,20.0,19.0,6.0,1.0,0.0,0.0,13.0
230,01/21/2020,Watford,1,35.5,2.0,8.0,522.0,314.0,21.0,33.0,3.0,3.0,2.0,0.0,18.0
231,01/21/2020,Brighton and Hove Albion,1,65.3,8.0,21.0,785.0,567.0,16.0,14.0,8.0,1.0,1.0,0.0,12.0
232,01/21/2020,Newcastle United,2,45.1,3.0,9.0,659.0,462.0,9.0,27.0,4.0,0.0,1.0,0.0,10.0
233,01/22/2020,West Ham United,1,32.7,2.0,6.0,456.0,273.0,9.0,24.0,8.0,1.0,1.0,0.0,19.0
234,01/22/2020,Burnley,2,27.8,2.0,5.0,441.0,261.0,13.0,29.0,2.0,2.0,2.0,0.0,7.0
235,01/21/2020,Manchester City,1,67.3,5.0,18.0,795.0,600.0,8.0,24.0,13.0,1.0,3.0,0.0,13.0
236,01/23/2020,Liverpool,2,53.6,6.0,13.0,755.0,594.0,11.0,20.0,4.0,0.0,1.0,0.0,11.0
237,01/21/2020,Arsenal,2,41.2,2.0,2.0,579.0,385.0,21.0,31.0,5.0,1.0,1.0,1.0,6.0
238,01/21/2020,Southampton,2,55.6,6.0,15.0,681.0,451.0,22.0,16.0,8.0,1.0,2.0,0.0,13.0
239,01/22/2020,Norwich City,1,49.6,2.0,13.0,683.0,475.0,24.0,19.0,3.0,0.0,1.0,0.0,7.0
240,02/01/2020,Aston Villa,1,60.4,5.0,18.0,660.0,456.0,5.0,13.0,8.0,3.0,3.0,0.0,15.0
241,02/02/2020,Arsenal,0,57.3,2.0,13.0,658.0,462.0,17.0,23.0,7.0,1.0,3.0,0.0,11.0
242,02/01/2020,Sheffield United,1,39.3,3.0,10.0,533.0,337.0,20.0,28.0,5.0,0.0,2.0,0.0,15.0
243,02/01/2020,Chelsea,2,50.3,3.0,7.0,698.0,485.0,15.0,18.0,6.0,1.0,2.0,0.0,14.0
244,02/01/2020,Southampton,0,38.5,4.0,17.0,539.0,321.0,18.0,26.0,11.0,5.0,2.0,0.0,15.0
245,02/01/2020,Wolverhampton Wanderers,0,36.3,4.0,15.0,575.0,354.0,28.0,21.0,6.0,1.0,2.0,0.0,15.0
246,02/01/2020,Norwich City,0,56.6,4.0,19.0,687.0,485.0,10.0,22.0,12.0,0.0,1.0,0.0,15.0
247,02/02/2020,Manchester City,0,66.9,6.0,19.0,868.0,692.0,15.0,13.0,6.0,0.0,3.0,1.0,14.0
248,02/01/2020,Everton,3,55.4,5.0,12.0,636.0,441.0,22.0,21.0,4.0,2.0,2.0,1.0,14.0
249,02/01/2020,Brighton and Hove Albion,3,64.9,6.0,19.0,799.0,607.0,19.0,13.0,6.0,1.0,1.0,0.0,9.0
250,02/16/2020,Newcastle United,0,31.6,2.0,10.0,463.0,295.0,18.0,20.0,6.0,4.0,0.0,0.0,9.0
251,02/16/2020,Tottenham Hotspur,3,45.7,10.0,23.0,622.0,386.0,24.0,28.0,7.0,1.0,0.0,0.0,10.0
252,02/08/2020,Watford,1,32.8,2.0,5.0,491.0,301.0,25.0,28.0,2.0,2.0,2.0,0.0,12.0
253,02/17/2020,Manchester United,2,38.8,3.0,9.0,568.0,382.0,12.0,27.0,8.0,0.0,3.0,0.0,11.0
254,02/08/2020,Crystal Palace,1,53.4,2.0,10.0,642.0,420.0,15.0,20.0,6.0,2.0,1.0,0.0,12.0
255,02/19/2020,West Ham United,0,22.7,0.0,3.0,433.0,254.0,15.0,36.0,1.0,3.0,1.0,0.0,7.0
256,02/15/2020,Liverpool,1,63.3,6.0,17.0,801.0,624.0,16.0,7.0,7.0,0.0,2.0,0.0,11.0
257,02/09/2020,AFC Bournemouth,1,45.7,2.0,10.0,613.0,391.0,10.0,47.0,4.0,1.0,3.0,0.0,8.0
258,02/15/2020,Burnley,2,36.4,6.0,9.0,509.0,297.0,18.0,30.0,3.0,3.0,2.0,0.0,11.0
259,02/14/2020,Leicester City,0,59.2,3.0,9.0,698.0,493.0,21.0,17.0,0.0,0.0,2.0,1.0,10.0
260,02/23/2020,Everton,2,48.7,5.0,17.0,632.0,455.0,21.0,8.0,3.0,2.0,4.0,0.0,12.0
261,02/22/2020,AFC Bournemouth,0,57.9,4.0,12.0,639.0,430.0,12.0,33.0,3.0,1.0,3.0,0.0,9.0
262,02/22/2020,Tottenham Hotspur,1,50.9,3.0,5.0,794.0,572.0,24.0,15.0,5.0,0.0,2.0,0.0,14.0
263,02/22/2020,Newcastle United,0,55.8,2.0,8.0,655.0,447.0,16.0,15.0,5.0,3.0,6.0,1.0,11.0
264,02/22/2020,Manchester City,1,68.1,7.0,18.0,871.0,677.0,15.0,14.0,7.0,1.0,0.0,0.0,10.0
265,02/24/2020,West Ham United,2,30.7,4.0,7.0,495.0,269.0,19.0,43.0,8.0,2.0,3.0,0.0,10.0
266,02/23/2020,Watford,0,42.0,2.0,7.0,601.0,420.0,16.0,6.0,5.0,1.0,1.0,0.0,15.0
267,02/22/2020,Brighton and Hove Albion,1,33.7,2.0,9.0,523.0,285.0,15.0,56.0,2.0,2.0,2.0,0.0,6.0
268,02/22/2020,Aston Villa,0,54.1,1.0,4.0,607.0,398.0,13.0,25.0,6.0,2.0,4.0,0.0,17.0
269,02/23/2020,Norwich City,0,60.2,4.0,6.0,779.0,588.0,16.0,10.0,1.0,0.0,3.0,0.0,6.0
270,06/17/2020,Sheffield United,0,54.9,1.0,5.0,648.0,483.0,18.0,17.0,4.0,0.0,1.0,0.0,14.0
271,02/29/2020,Chelsea,2,73.1,6.0,23.0,1022.0,808.0,18.0,19.0,14.0,2.0,2.0,0.0,5.0
272,02/29/2020,Crystal Palace,1,33.5,3.0,12.0,506.0,273.0,23.0,32.0,7.0,3.0,1.0,0.0,9.0
273,03/01/2020,Manchester United,1,55.9,5.0,14.0,640.0,431.0,16.0,27.0,8.0,1.0,4.0,0.0,11.0
274,06/17/2020,Arsenal,0,32.9,0.0,3.0,466.0,333.0,15.0,11.0,2.0,5.0,1.0,1.0,7.0
275,02/29/2020,Burnley,0,46.0,0.0,7.0,533.0,323.0,14.0,20.0,7.0,2.0,3.0,0.0,9.0
276,02/28/2020,Leicester City,0,57.4,4.0,19.0,667.0,468.0,15.0,10.0,7.0,0.0,2.0,0.0,16.0
277,03/01/2020,Wolverhampton Wanderers,3,34.5,4.0,14.0,535.0,322.0,25.0,28.0,5.0,0.0,2.0,0.0,14.0
278,02/29/2020,Liverpool,0,70.8,1.0,7.0,893.0,732.0,8.0,13.0,5.0,1.0,0.0,0.0,8.0
279,02/29/2020,Southampton,1,66.3,2.0,10.0,737.0,521.0,17.0,20.0,9.0,1.0,1.0,0.0,11.0
280,03/07/2020,West Ham United,0,31.1,6.0,14.0,448.0,264.0,11.0,18.0,7.0,2.0,2.0,0.0,9.0
281,03/07/2020,Tottenham Hotspur,1,55.0,2.0,13.0,692.0,479.0,14.0,36.0,5.0,0.0,4.0,0.0,11.0
282,03/08/2020,Everton,0,39.8,1.0,3.0,571.0,415.0,15.0,11.0,1.0,1.0,2.0,0.0,10.0
283,03/07/2020,Watford,0,55.8,3.0,10.0,665.0,464.0,22.0,18.0,8.0,1.0,4.0,0.0,16.0
284,03/09/2020,Aston Villa,0,35.4,1.0,4.0,510.0,301.0,23.0,22.0,0.0,2.0,1.0,0.0,12.0
285,03/07/2020,AFC Bournemouth,1,25.5,4.0,6.0,419.0,246.0,9.0,43.0,4.0,5.0,1.0,0.0,12.0
286,03/08/2020,Manchester City,0,72.3,4.0,7.0,948.0,761.0,15.0,8.0,11.0,2.0,4.0,0.0,9.0
287,03/07/2020,Norwich City,0,58.2,5.0,12.0,736.0,519.0,18.0,27.0,5.0,3.0,0.0,0.0,8.0
288,03/07/2020,Newcastle United,1,62.0,7.0,14.0,696.0,500.0,15.0,18.0,8.0,2.0,3.0,0.0,15.0
289,03/07/2020,Brighton and Hove Albion,0,56.9,1.0,7.0,821.0,606.0,23.0,21.0,0.0,0.0,3.0,0.0,7.0
290,06/21/2020,Chelsea,2,74.0,5.0,19.0,859.0,692.0,7.0,11.0,10.0,0.0,1.0,0.0,17.0
291,06/20/2020,Crystal Palace,2,41.3,2.0,7.0,541.0,350.0,26.0,20.0,4.0,3.0,2.0,0.0,15.0
292,06/20/2020,Arsenal,1,58.7,6.0,13.0,665.0,476.0,8.0,25.0,7.0,4.0,1.0,0.0,8.0
293,06/21/2020,Liverpool,0,70.1,3.0,10.0,767.0,594.0,16.0,3.0,6.0,1.0,2.0,0.0,12.0
294,06/22/2020,Burnley,0,28.3,0.0,1.0,434.0,322.0,11.0,12.0,1.0,2.0,1.0,0.0,7.0
295,06/21/2020,Sheffield United,0,54.0,1.0,7.0,664.0,509.0,16.0,12.0,4.0,1.0,0.0,1.0,10.0
296,06/19/2020,Southampton,3,45.0,9.0,22.0,552.0,333.0,24.0,16.0,7.0,1.0,1.0,0.0,15.0
297,06/19/2020,Manchester United,1,61.2,6.0,12.0,791.0,586.0,16.0,18.0,6.0,3.0,1.0,0.0,18.0
298,06/20/2020,Leicester City,1,68.3,2.0,15.0,760.0,555.0,27.0,25.0,7.0,3.0,1.0,0.0,12.0
299,06/20/2020,Wolverhampton Wanderers,2,57.8,6.0,10.0,695.0,506.0,18.0,18.0,7.0,1.0,1.0,0.0,7.0
300,06/25/2020,Watford,0,44.8,4.0,10.0,500.0,329.0,16.0,13.0,7.0,0.0,0.0,0.0,15.0
301,06/25/2020,Manchester City,1,64.7,2.0,11.0,875.0,713.0,7.0,8.0,7.0,1.0,1.0,1.0,3.0
302,06/23/2020,Brighton and Hove Albion,0,33.6,2.0,10.0,487.0,294.0,21.0,25.0,7.0,0.0,2.0,0.0,13.0
303,06/24/2020,Crystal Palace,0,26.7,0.0,3.0,509.0,330.0,20.0,37.0,0.0,1.0,0.0,0.0,5.0
304,06/24/2020,Sheffield United,0,31.8,1.0,4.0,486.0,338.0,15.0,18.0,5.0,2.0,0.0,0.0,6.0
305,06/24/2020,Aston Villa,1,47.9,2.0,14.0,541.0,369.0,5.0,18.0,9.0,0.0,2.0,0.0,13.0
306,06/24/2020,Everton,1,53.4,5.0,12.0,689.0,495.0,20.0,22.0,5.0,1.0,1.0,0.0,13.0
307,06/25/2020,Arsenal,2,47.4,5.0,10.0,566.0,398.0,10.0,19.0,6.0,1.0,2.0,0.0,14.0
308,06/23/2020,West Ham United,0,35.5,2.0,10.0,533.0,361.0,21.0,24.0,4.0,2.0,2.0,0.0,7.0
309,06/24/2020,AFC Bournemouth,0,44.9,0.0,4.0,519.0,347.0,17.0,15.0,4.0,2.0,3.0,0.0,11.0
310,07/01/2020,Norwich City,0,48.4,2.0,8.0,601.0,445.0,19.0,18.0,2.0,2.0,4.0,0.0,10.0
311,06/27/2020,Wolverhampton Wanderers,1,52.0,2.0,9.0,601.0,464.0,10.0,9.0,2.0,2.0,1.0,0.0,16.0
312,07/01/2020,Newcastle United,4,45.1,7.0,12.0,571.0,420.0,16.0,13.0,3.0,1.0,0.0,0.0,10.0
313,06/30/2020,Manchester United,3,62.0,6.0,12.0,780.0,629.0,16.0,12.0,5.0,2.0,1.0,0.0,9.0
314,06/29/2020,Burnley,1,41.6,4.0,8.0,545.0,354.0,16.0,35.0,1.0,0.0,1.0,0.0,13.0
315,07/01/2020,Leicester City,1,65.1,3.0,15.0,796.0,596.0,15.0,9.0,5.0,1.0,1.0,0.0,10.0
316,07/02/2020,Liverpool,0,53.0,3.0,11.0,709.0,551.0,13.0,8.0,3.0,2.0,2.0,0.0,7.0
317,07/02/2020,Tottenham Hotspur,1,67.5,2.0,9.0,826.0,637.0,14.0,10.0,6.0,1.0,0.0,0.0,13.0
318,06/28/2020,Southampton,3,52.4,7.0,11.0,663.0,460.0,20.0,28.0,3.0,1.0,0.0,0.0,9.0
319,07/01/2020,Chelsea,2,71.2,6.0,17.0,845.0,658.0,19.0,9.0,3.0,2.0,1.0,0.0,9.0
320,07/05/2020,Sheffield United,1,52.6,3.0,10.0,625.0,441.0,12.0,17.0,9.0,1.0,0.0,0.0,14.0
321,07/04/2020,Watford,0,29.6,3.0,7.0,480.0,300.0,24.0,21.0,3.0,2.0,2.0,0.0,12.0
322,07/04/2020,Crystal Palace,0,0.0,0.0,0.0,0.0,0.0,0.0,0.0,0.0,0.0,0.0,0.0,0.0
323,07/05/2020,Aston Villa,0,28.8,3.0,9.0,457.0,263.0,8.0,26.0,5.0,5.0,1.0,0.0,8.0
324,07/04/2020,AFC Bournemouth,2,30.7,3.0,7.0,439.0,283.0,10.0,17.0,3.0,4.0,1.0,0.0,12.0
325,07/05/2020,West Ham United,2,42.6,7.0,17.0,563.0,379.0,18.0,14.0,4.0,1.0,0.0,0.0,11.0
326,07/04/2020,Brighton and Hove Albion,1,42.0,2.0,8.0,594.0,418.0,11.0,17.0,2.0,0.0,2.0,0.0,13.0
327,07/05/2020,Manchester City,0,73.7,6.0,26.0,1022.0,808.0,16.0,12.0,13.0,3.0,2.0,0.0,7.0
328,07/06/2020,Everton,0,48.4,3.0,11.0,587.0,413.0,10.0,22.0,6.0,2.0,2.0,0.0,18.0
329,07/04/2020,Arsenal,2,48.1,5.0,8.0,651.0,482.0,29.0,25.0,5.0,0.0,4.0,0.0,11.0
330,07/07/2020,Leicester City,1,62.5,5.0,13.0,733.0,558.0,17.0,20.0,1.0,1.0,0.0,0.0,14.0
331,07/09/2020,Manchester United,3,66.6,6.0,14.0,789.0,637.0,11.0,11.0,5.0,1.0,3.0,0.0,13.0
332,07/09/2020,Tottenham Hotspur,0,64.3,0.0,9.0,715.0,499.0,21.0,38.0,12.0,0.0,2.0,0.0,14.0
333,07/08/2020,Liverpool,3,55.6,8.0,20.0,667.0,477.0,11.0,18.0,10.0,0.0,4.0,0.0,15.0
334,07/07/2020,Chelsea,3,58.0,6.0,14.0,764.0,538.0,21.0,23.0,9.0,0.0,0.0,0.0,10.0
335,07/09/2020,Southampton,1,61.3,4.0,16.0,697.0,518.0,13.0,12.0,5.0,2.0,3.0,0.0,14.0
336,07/08/2020,Newcastle United,0,26.4,1.0,6.0,450.0,296.0,15.0,14.0,1.0,0.0,0.0,0.0,7.0
337,07/08/2020,Wolverhampton Wanderers,0,57.2,1.0,6.0,731.0,545.0,13.0,27.0,1.0,0.0,0.0,0.0,6.0
338,07/07/2020,Norwich City,1,56.5,3.0,12.0,705.0,504.0,19.0,30.0,3.0,0.0,4.0,0.0,15.0
339,07/08/2020,Burnley,1,46.8,4.0,8.0,619.0,395.0,17.0,45.0,3.0,5.0,1.0,0.0,7.0
340,07/12/2020,Crystal Palace,0,55.1,5.0,9.0,590.0,386.0,15.0,15.0,1.0,0.0,4.0,1.0,21.0
341,07/12/2020,Leicester City,1,55.9,5.0,13.0,729.0,545.0,17.0,13.0,6.0,1.0,1.0,1.0,12.0
342,07/11/2020,Manchester City,5,70.2,8.0,26.0,975.0,799.0,16.0,9.0,7.0,1.0,0.0,0.0,3.0
343,07/11/2020,Burnley,1,29.2,2.0,6.0,436.0,265.0,11.0,36.0,6.0,3.0,2.0,0.0,4.0
344,07/13/2020,Southampton,2,52.5,5.0,9.0,684.0,510.0,10.0,16.0,6.0,0.0,3.0,0.0,15.0
345,07/11/2020,West Ham United,4,47.5,7.0,19.0,633.0,478.0,12.0,8.0,6.0,0.0,0.0,0.0,8.0
346,07/11/2020,Chelsea,0,76.3,4.0,15.0,981.0,809.0,8.0,12.0,6.0,0.0,0.0,0.0,6.0
347,07/12/2020,Arsenal,1,62.7,4.0,13.0,808.0,636.0,12.0,13.0,5.0,0.0,3.0,0.0,11.0
348,07/11/2020,Newcastle United,1,52.3,4.0,8.0,531.0,353.0,13.0,21.0,4.0,3.0,4.0,0.0,15.0
349,07/12/2020,Everton,0,44.9,2.0,6.0,595.0,450.0,10.0,13.0,2.0,0.0,2.0,0.0,9.0
350,07/15/2020,Liverpool,1,68.9,8.0,24.0,816.0,614.0,12.0,3.0,13.0,4.0,1.0,0.0,10.0
351,07/15/2020,Wolverhampton Wanderers,1,53.3,5.0,14.0,598.0,413.0,9.0,20.0,8.0,1.0,0.0,0.0,8.0
352,07/14/2020,Norwich City,0,0.0,0.0,0.0,0.0,0.0,0.0,0.0,0.0,0.0,0.0,0.0,0.0
353,07/16/2020,Manchester United,2,59.4,5.0,17.0,827.0,625.0,14.0,13.0,7.0,0.0,2.0,0.0,15.0
354,07/16/2020,Aston Villa,1,45.1,1.0,15.0,527.0,362.0,9.0,14.0,5.0,0.0,1.0,0.0,13.0
355,07/16/2020,Sheffield United,0,45.6,1.0,5.0,586.0,401.0,10.0,24.0,5.0,4.0,2.0,0.0,10.0
356,07/15/2020,AFC Bournemouth,1,27.5,3.0,15.0,435.0,275.0,9.0,10.0,5.0,2.0,1.0,0.0,10.0
357,07/15/2020,Tottenham Hotspur,3,47.2,5.0,8.0,623.0,456.0,14.0,21.0,4.0,1.0,3.0,0.0,13.0
358,07/16/2020,Brighton and Hove Albion,1,32.1,2.0,10.0,465.0,281.0,18.0,21.0,2.0,2.0,0.0,0.0,10.0
359,07/17/2020,Watford,1,59.4,3.0,14.0,652.0,439.0,16.0,18.0,3.0,2.0,2.0,0.0,11.0
360,07/21/2020,Arsenal,0,0.0,0.0,0.0,0.0,0.0,0.0,0.0,0.0,0.0,0.0,0.0,0.0
361,07/19/2020,Southampton,2,57.0,8.0,16.0,634.0,407.0,22.0,47.0,6.0,1.0,2.0,0.0,11.0
362,07/20/2020,Newcastle United,0,37.5,1.0,12.0,497.0,315.0,15.0,23.0,7.0,1.0,2.0,0.0,12.0
363,07/22/2020,Chelsea,3,50.0,5.0,10.0,752.0,575.0,9.0,15.0,0.0,3.0,0.0,0.0,11.0
364,07/22/2020,West Ham United,1,42.8,3.0,12.0,613.0,441.0,20.0,18.0,3.0,1.0,1.0,0.0,9.0
365,07/18/2020,Burnley,2,57.7,8.0,23.0,638.0,468.0,13.0,8.0,8.0,1.0,0.0,0.0,16.0
366,07/20/2020,Everton,1,49.4,2.0,5.0,660.0,472.0,10.0,29.0,1.0,2.0,3.0,0.0,19.0
367,07/19/2020,Leicester City,0,71.0,6.0,24.0,893.0,697.0,12.0,7.0,13.0,0.0,1.0,0.0,10.0
368,07/21/2020,Manchester City,4,76.9,10.0,26.0,941.0,764.0,22.0,11.0,8.0,3.0,0.0,0.0,11.0
369,07/20/2020,Crystal Palace,0,46.6,3.0,7.0,594.0,404.0,13.0,18.0,2.0,1.0,1.0,0.0,15.0
370,07/26/2020,Watford,2,48.9,6.0,19.0,589.0,398.0,7.0,6.0,8.0,3.0,3.0,0.0,12.0
371,07/26/2020,Brighton and Hove Albion,2,45.8,4.0,15.0,520.0,334.0,6.0,31.0,7.0,2.0,0.0,0.0,11.0
372,07/26/2020,Wolverhampton Wanderers,0,37.1,1.0,5.0,561.0,370.0,22.0,6.0,3.0,1.0,3.0,0.0,16.0
373,07/26/2020,Tottenham Hotspur,1,52.8,2.0,7.0,693.0,489.0,26.0,17.0,2.0,0.0,2.0,0.0,13.0
374,07/26/2020,AFC Bournemouth,3,30.0,7.0,13.0,507.0,282.0,18.0,12.0,5.0,1.0,0.0,0.0,9.0
375,07/26/2020,Manchester United,2,54.2,3.0,7.0,681.0,518.0,21.0,8.0,3.0,2.0,5.0,0.0,11.0
376,07/26/2020,Norwich City,0,26.9,4.0,5.0,415.0,268.0,14.0,26.0,0.0,2.0,1.0,0.0,4.0
377,07/26/2020,Liverpool,3,74.7,6.0,14.0,981.0,792.0,12.0,8.0,4.0,1.0,0.0,0.0,5.0
378,07/26/2020,Sheffield United,1,27.9,3.0,5.0,417.0,260.0,12.0,34.0,1.0,2.0,1.0,0.0,16.0
379,07/26/2020,Aston Villa,1,37.0,4.0,13.0,444.0,277.0,13.0,11.0,7.0,1.0,1.0,0.0,13.0
